日期,基金日收益率,指数日收益率,日无风险利率,基金日超额收益率,指数日超额收益率,节假日天数
2022-01-04,0.040999999999999925,-0.004576172411910662,4.1095890410958905e-05,0.04095890410958897,-0.004617268302321621,1
2022-01-05,-0.0018251681075888149,-0.010095052726489362,4.1095890410958905e-05,-0.0018662639979997737,-0.01013614861690032,1
2022-01-06,-9.623712828410458e-05,-0.010247980318974226,4.1095890410958905e-05,-0.0001373330186950635,-0.010289076209385184,1
2022-01-07,-0.0012512030798843554,0.0008586344891088338,0.0001232876712328767,-0.0013744907511172321,0.0007353468178759571,3
2022-01-10,0.0020237062734893563,0.004494927793682546,4.1095890410958905e-05,0.0019826103830783972,0.004453831903271587,1
2022-01-11,-0.0005770340450087508,-0.009552264490683582,4.1095890410958905e-05,-0.0006181299354197097,-0.00959336038109454,1
2022-01-12,0.001347190146266497,0.009964038527454422,4.1095890410958905e-05,0.0013060942558555382,0.009922942637043464,1
2022-01-13,-0.0002882952142994055,-0.016439646310976275,4.1095890410958905e-05,-0.0003293911047103644,-0.016480742201387233,1
2022-01-14,0.0009612611746609989,-0.008222422407463847,0.0001232876712328767,0.0008379735034281222,-0.008345710078696724,3
2022-01-17,0.0015365408623835286,0.008577702855442348,4.1095890410958905e-05,0.0014954449719725698,0.00853660696503139,1
2022-01-18,0.0002876594112570796,0.009664008978544247,4.1095890410958905e-05,0.0002465635208461207,0.00962291308813329,1
2022-01-19,0.0008627300613497368,-0.00684945395171177,4.1095890410958905e-05,0.0008216341709387779,-0.006890549842122729,1
2022-01-20,-0.001245091466334669,0.009022444750399039,4.1095890410958905e-05,-0.0012861873567456279,0.00898134885998808,1
2022-01-21,-0.0004794783275795522,-0.009162395899698916,0.0001232876712328767,-0.0006027659988124289,-0.009285683570931793,3
2022-01-24,0.002398541686654543,0.0015532563228422003,4.1095890410958905e-05,0.0023574457962435838,0.0015121604324312414,1
2022-01-25,-0.0004785604900459095,-0.022622213036657346,4.1095890410958905e-05,-0.0005196563804568684,-0.022663308927068304,1
2022-01-26,-0.001819400555395978,0.007237395299482863,4.1095890410958905e-05,-0.0018604964458069368,0.007196299409071904,1
2022-01-27,-0.00297390636991568,-0.01961551390847327,4.1095890410958905e-05,-0.003015002260326639,-0.019656609798884228,1
2022-01-28,0.0027903396516888446,-0.012144155801567469,0.00041095890410958907,0.0023793807475792554,-0.012555114705677058,10
2022-02-07,0.0024947227019764817,0.01540784684248031,4.1095890410958905e-05,0.0024536268115655227,0.015366750952069352,1
2022-02-08,-0.0003828483920367276,-0.00546320864426908,4.1095890410958905e-05,-0.0004239442824476865,-0.005504304534680039,1
2022-02-09,0.0013404825737266535,0.009392521814212351,4.1095890410958905e-05,0.0012993866833156946,0.009351425923801393,1
2022-02-10,-0.00047810288774163823,-0.0026221496799407884,4.1095890410958905e-05,-0.0005191987781525972,-0.0026632455703517475,1
2022-02-11,-0.002869989476705137,-0.008290590507800566,0.0001232876712328767,-0.0029932771479380138,-0.008413878179033442,3
2022-02-14,-0.0014391250119927257,-0.010802701519689095,4.1095890410958905e-05,-0.0014802209024036845,-0.010843797410100053,1
2022-02-15,0.0002882398155263921,0.010636647794692866,4.1095890410958905e-05,0.0002471439251154332,0.010595551904281908,1
2022-02-16,0.002593410815483699,0.003888348140068665,4.1095890410958905e-05,0.0025523149250727397,0.0038472522496577058,1
2022-02-17,0.00019160758766045838,0.0024200142689805304,4.1095890410958905e-05,0.00015051169724949947,0.0023789183785695714,1
2022-02-18,0.0007662835249040434,0.0047677929986897905,0.0001232876712328767,0.0006429958536711667,0.004644505327456914,3
2022-02-21,-9.57120980091819e-05,-0.0036381083926126934,4.1095890410958905e-05,-0.0001368079884201408,-0.0036792042830236524,1
2022-02-22,-0.0015315401550685115,-0.012981726896759138,4.1095890410958905e-05,-0.0015726360454794703,-0.013022822787170096,1
2022-02-23,0.0013421531972006573,0.01068914905267615,4.1095890410958905e-05,0.0013010573067896985,0.010648053162265192,1
2022-02-24,-0.001531833413116357,-0.020273990322182578,4.1095890410958905e-05,-0.0015729293035273157,-0.020315086212593536,1
2022-02-25,0.0009588647041902654,0.009737843806935098,0.0001232876712328767,0.0008355770329573887,0.009614556135702222,3
2022-02-28,0.0006705623143978823,0.0017976025712198584,4.1095890410958905e-05,0.0006294664239869233,0.0017565066808088996,1
2022-03-01,9.573042312838176e-05,0.008302758622179773,4.1095890410958905e-05,5.463453271742285e-05,0.008261662731768815,1
2022-03-02,-0.0005743275581505669,-0.008893569437681714,4.1095890410958905e-05,-0.0006154234485615258,-0.008934665328092672,1
2022-03-03,-0.0013408677329758145,-0.005890970138540341,4.1095890410958905e-05,-0.0013819636233867733,-0.0059320660289513,1
2022-03-04,-0.0010549534861415966,-0.012127132613179437,0.0001232876712328767,-0.0011782411573744733,-0.012250420284412313,3
2022-03-07,-0.0027841781874040628,-0.03194814481826358,4.1095890410958905e-05,-0.002825274077815022,-0.03198924070867454,1
2022-03-08,-0.0025994031000288187,-0.020076031912956815,4.1095890410958905e-05,-0.0026404989904397777,-0.020117127803367774,1
2022-03-09,-0.001544401544401608,-0.009153838417157889,4.1095890410958905e-05,-0.0015854974348125668,-0.009194934307568847,1
2022-03-10,-9.667440061866817e-05,0.01573252527839486,4.1095890410958905e-05,-0.00013777029102962708,0.015691429387983902,1
2022-03-11,0.0007734699796964062,0.0031877051760684783,0.0001232876712328767,0.0006501823084635295,0.0030644175048356015,3
2022-03-14,-0.0007728721862620969,-0.030596385941814686,4.1095890410958905e-05,-0.0008139680766730558,-0.030637481832225644,1
2022-03-15,-0.0037706661510200634,-0.04573815146205973,4.1095890410958905e-05,-0.0038117620414310225,-0.04577924735247069,1
2022-03-16,0.0020380434782607537,0.04324225139138105,4.1095890410958905e-05,0.0019969475878497947,0.04320115550097009,1
2022-03-17,0.0008716707021791947,0.019637393977643747,4.1095890410958905e-05,0.0008305748117682358,0.01959629808723279,1
2022-03-18,0.0006773756531834874,0.006655999548433877,0.0001232876712328767,0.0005540879819506106,0.006532711877201001,3
2022-03-21,0.0023208587177254714,-0.0016774413718910752,4.1095890410958905e-05,0.0022797628273145123,-0.001718537262302034,1
2022-03-22,-0.0005788712011576269,-0.000810308969126261,4.1095890410958905e-05,-0.0006199670915685859,-0.00085140485953722,1
2022-03-23,0.0009653441451875633,0.00498729230288375,4.1095890410958905e-05,0.0009242482547766043,0.004946196412472791,1
2022-03-24,-0.0005786478927571892,-0.005895287600139243,4.1095890410958905e-05,-0.0006197437831681481,-0.005936383490550202,1
2022-03-25,-0.00038598861333583034,-0.018049017924162136,0.0001232876712328767,-0.000509276284568707,-0.018172305595395014,3
2022-03-28,-0.003957910995269764,-0.006254027057418177,4.1095890410958905e-05,-0.0039990068856807235,-0.006295122947829136,1
2022-03-29,-0.0003876720294629932,-0.0034524084238070074,4.1095890410958905e-05,-0.00042876791987395206,-0.0034935043142179665,1
2022-03-30,0.001066511537715531,0.029015631071011683,4.1095890410958905e-05,0.0010254156473045721,0.028974535180600725,1
2022-03-31,0.0017433414043583895,-0.007405116980237492,4.1095890410958905e-05,0.0017022455139474306,-0.007446212870648451,1
2022-04-01,0.0015469399593928124,0.012684422059904055,0.00020547945205479453,0.0013414605073380178,0.01247894260784926,5
2022-04-06,0.0015445506323004121,-0.0028803659733809273,4.1095890410958905e-05,0.0015034547418894533,-0.0029214618637918863,1
2022-04-07,-0.0004819277108435438,-0.012838494380102428,4.1095890410958905e-05,-0.0005230236012545027,-0.012879590270513386,1
2022-04-08,9.643201542908209e-05,0.005147680271206712,0.0001232876712328767,-2.6855655803794624e-05,0.005024392599973835,3
2022-04-11,-0.0009642271719215723,-0.030891940655014438,4.1095890410958905e-05,-0.001005323062332531,-0.030933036545425396,1
2022-04-12,0.0005790946819803633,0.01948805609503812,4.1095890410958905e-05,0.0005379987915694044,0.01944696020462716,1
2022-04-13,-0.00019291984180569433,-0.009625828417491822,4.1095890410958905e-05,-0.00023401573221665324,-0.00966692430790278,1
2022-04-14,0.0003859141341051586,0.01252045721745132,4.1095890410958905e-05,0.00034481824369419974,0.012479361327040361,1
2022-04-15,0.004339859195679585,-0.0006730654806922365,0.0001232876712328767,0.004216571524446709,-0.0007963531519251132,3
2022-04-18,-0.000192049164586372,-0.00533878005337729,4.1095890410958905e-05,-0.0002331450549973309,-0.005379875943788249,1
2022-04-19,-0.0003841721091047967,-0.007556359898044818,4.1095890410958905e-05,-0.0004252679995157556,-0.007597455788455777,1
2022-04-20,-0.0010568793235971041,-0.01550527791265277,4.1095890410958905e-05,-0.001097975214008063,-0.015546373803063729,1
2022-04-21,-0.0008656343175916792,-0.018413850936854104,4.1095890410958905e-05,-0.0009067302080026381,-0.018454946827265062,1
2022-04-22,0.0001925298421254773,0.00435949477330122,0.0001232876712328767,6.924217089260059e-05,0.004236207102068344,3
2022-04-25,-0.002598652550529268,-0.04942057182685222,4.1095890410958905e-05,-0.002639748440940227,-0.04946166771726318,1
2022-04-26,-0.000578982920003801,-0.008071718128700556,4.1095890410958905e-05,-0.00062007881041476,-0.008112814019111514,1
2022-04-27,0.0022207202857971176,0.029443121753174983,4.1095890410958905e-05,0.0021796243953861585,0.029402025862764025,1
2022-04-28,0.00028901734104036514,0.006564231300539181,4.1095890410958905e-05,0.00024792145062940625,0.0065231354101282215,1
2022-04-29,0.0017336030049119877,0.024261947639127257,0.0002465753424657534,0.0014870276624462343,0.024015372296661504,6
2022-05-05,0.0006730122103644209,-0.001501603115948491,4.1095890410958905e-05,0.000631916319953462,-0.0015426990063594499,1
2022-05-06,-0.000768639508070601,-0.025284260660451197,0.0001232876712328767,-0.0008919271793034777,-0.025407548331684075,3
2022-05-09,0.0005769230769230305,-0.00802765032369146,4.1095890410958905e-05,0.0005358271865120715,-0.008068746214102418,1
2022-05-10,0.0011531808571978441,0.010943312958015206,4.1095890410958905e-05,0.0011120849667868853,0.010902217067604247,1
2022-05-11,0.00076790170858132,0.014427703746380915,4.1095890410958905e-05,0.0007268058181703611,0.014386607855969957,1
2022-05-12,0.000671398427009251,-0.0044469865392342545,4.1095890410958905e-05,0.0006303025365982921,-0.0044880824296452135,1
2022-05-13,0.0007667976612673044,0.007542854544627886,0.0001232876712328767,0.0006435099900344277,0.00741956687339501,3
2022-05-16,0.00019155253328229094,-0.008038509349721168,4.1095890410958905e-05,0.00015045664287133203,-0.008079605240132126,1
2022-05-17,0.0011490950876185124,0.012474441669684033,4.1095890410958905e-05,0.0011079991972075536,0.012433345779273075,1
2022-05-18,0.0005738880918220168,-0.003491480826723903,4.1095890410958905e-05,0.0005327922014110579,-0.003532576717134862,1
2022-05-19,0.0006691520887103231,0.0019267733924355213,4.1095890410958905e-05,0.0006280561982993641,0.0018856775020245624,1
2022-05-20,0.0007642338555600148,0.01950230803172648,0.0001232876712328767,0.0006409461843271381,0.0193790203604936,3
2022-05-23,-0.004390988927071571,-0.0057920102899750026,4.1095890410958905e-05,-0.00443208481748253,-0.005833106180385962,1
2022-05-24,-0.0011505273250238535,-0.02339137001165492,4.1095890410958905e-05,-0.0011916232154348123,-0.02343246590206588,1
2022-05-25,0.002783643693607063,0.006068038624715166,4.1095890410958905e-05,0.002742547803196104,0.006026942734304207,1
2022-05-26,0.00028716377907533897,0.0024769666354889086,4.1095890410958905e-05,0.0002460678886643801,0.0024358707450779496,1
2022-05-27,0.003732057416268031,0.002067144454134029,0.0001232876712328767,0.003608769745035154,0.0019438567829011522,3
2022-05-30,0.0018114214891791214,0.006927525632427045,4.1095890410958905e-05,0.0017703255987681625,0.006886429742016086,1
2022-05-31,-0.0005709935287399048,0.015512390749120364,4.1095890410958905e-05,-0.0006120894191508638,0.015471294858709406,1
2022-06-01,-0.0033326985336127324,-0.0020384612301312943,4.1095890410958905e-05,-0.0033737944240236914,-0.0020795571205422534,1
2022-06-02,-0.0011464603038118248,0.0015652027053834061,0.00016438356164383562,-0.0013108438654556604,0.0014008191437395706,4
2022-06-06,0.002199904351984694,0.018710239384197136,4.1095890410958905e-05,0.002158808461573735,0.018669143493786178,1
2022-06-07,0.0055354075205191755,0.00313087707043902,4.1095890410958905e-05,0.0054943116301082165,0.003089781180028061,1
2022-06-08,0.0004745634016705136,0.009734972255579288,4.1095890410958905e-05,0.0004334675112595547,0.00969387636516833,1
2022-06-09,-0.0008538089365336399,-0.010459588699231803,4.1095890410958905e-05,-0.0008949048269445988,-0.010500684589642761,1
2022-06-10,0.0016141283706798681,0.015163753057679585,0.0001232876712328767,0.0014908406994469914,0.015040465386446709,3
2022-06-13,0.0004739785761682658,-0.011710539029829992,4.1095890410958905e-05,0.0004328826857573069,-0.01175163492024095,1
2022-06-14,0.0005685048322912056,0.007867253573565103,4.1095890410958905e-05,0.0005274089418802467,0.007826157683154145,1
2022-06-15,0.004545454545454408,0.013240709815955487,4.1095890410958905e-05,0.004504358655043449,0.013199613925544529,1
2022-06-16,0.0008484162895929792,-0.006581338612541177,4.1095890410958905e-05,0.0008073203991820203,-0.006622434502952136,1
2022-06-17,0.0,0.01387815244269186,0.0001232876712328767,-0.0001232876712328767,0.013754864771458984,3
2022-06-20,-0.0005651313930490343,0.004963606316054525,4.1095890410958905e-05,-0.0006062272834599932,0.004922510425643566,1
2022-06-21,-0.0017905946659126926,-0.0011239292294292769,4.1095890410958905e-05,-0.0018316905563236514,-0.0011650251198402357,1
2022-06-22,-0.0003776435045317328,-0.012701922432943324,4.1095890410958905e-05,-0.00041873939494269167,-0.012743018323354283,1
2022-06-23,0.0018889308651304226,0.017153329887934055,4.1095890410958905e-05,0.0018478349747194638,0.017112233997523096,1
2022-06-24,0.0009426847662141746,0.011716304838296443,0.0001232876712328767,0.0008193970949812979,0.011593017167063567,3
2022-06-27,0.0013185157280088955,0.011261470816133157,4.1095890410958905e-05,0.0012774198375979367,0.011220374925722199,1
2022-06-28,0.0012227238525208683,0.010407280269742802,4.1095890410958905e-05,0.0011816279621099095,0.010366184379331844,1
2022-06-29,-0.007515265382808889,-0.015401256951149023,4.1095890410958905e-05,-0.007556361273219848,-0.015442352841559981,1
2022-06-30,0.0010411736867015353,0.014396892175863707,4.1095890410958905e-05,0.0010000777962905765,0.014355796285452749,1
2022-07-01,0.019761724659606683,-0.004078674682344241,0.0001232876712328767,0.019638436988373805,-0.004201962353577117,3
2022-07-04,9.27213722763387e-05,0.006562402340206219,4.1095890410958905e-05,5.162548186537979e-05,0.00652130644979526,1
2022-07-05,0.0002781383274614857,-0.0014439404467536665,4.1095890410958905e-05,0.0002370424370505268,-0.0014850363371646253,1
2022-07-06,-0.0013903049402169687,-0.01460473118137795,4.1095890410958905e-05,-0.0014314008306279275,-0.014645827071788908,1
2022-07-07,0.0010209764247262054,0.004408664815026553,4.1095890410958905e-05,0.0009798805343152466,0.004367568924615594,1
2022-07-08,-0.0005563282336578101,-0.003306557284373235,0.0001232876712328767,-0.0006796159048906869,-0.0034298449556061116,3
2022-07-11,-0.01864736988588922,-0.016745984956131332,4.1095890410958905e-05,-0.018688465776300178,-0.01678708084654229,1
2022-07-12,-0.0037814331631688125,-0.009414904416271463,4.1095890410958905e-05,-0.0038225290535797716,-0.009456000306682422,1
2022-07-13,0.004270260011387306,0.0018182646847018091,4.1095890410958905e-05,0.004229164120976347,0.0017771687942908503,1
2022-07-14,0.0007559293206085282,0.00014173445063736523,4.1095890410958905e-05,0.0007148334301975693,0.00010063856022640632,1
2022-07-15,-0.0004720989519402252,-0.017016575050932792,0.0001232876712328767,-0.0005953866231731019,-0.01713986272216567,3
2022-07-18,0.00028339316077841126,0.010370299374091285,4.1095890410958905e-05,0.00024229727036745235,0.010329203483680327,1
2022-07-19,0.0004721881197469191,-0.005415314004905691,4.1095890410958905e-05,0.0004310922293359602,-0.00545640989531665,1
2022-07-20,0.0007551444213707015,0.0033875492842558863,4.1095890410958905e-05,0.0007140485309597425,0.0033464533938449273,1
2022-07-21,-0.00047160913035271257,-0.011145447945116738,4.1095890410958905e-05,-0.0005127050207636715,-0.011186543835527696,1
2022-07-22,-9.436633009340945e-05,0.0005137559737735664,0.0001232876712328767,-0.00021765400132628615,0.0003904683025406897,3
2022-07-25,-0.00858814647036632,-0.006037892055089422,4.1095890410958905e-05,-0.008629242360777278,-0.006078987945500381,1
2022-07-26,0.003902903379343181,0.007912299071265005,4.1095890410958905e-05,0.003861807488932222,0.007871203180854047,1
2022-07-27,0.0005689360895124729,-0.004931752083937924,4.1095890410958905e-05,0.0005278401991015139,-0.004972847974348883,1
2022-07-28,0.00047384382107673595,0.00015090996745903418,4.1095890410958905e-05,0.00043274793066577706,0.00010981407704807527,1
2022-07-29,-0.0028417163967037196,-0.013150898343229911,0.0001232876712328767,-0.0029650040679365963,-0.013274186014462787,3
2022-08-01,0.0008549444286123364,0.004454687306322258,4.1095890410958905e-05,0.0008138485382013775,0.004413591415911299,1
2022-08-02,-0.0007593014426728883,-0.019494072402407303,4.1095890410958905e-05,-0.0008003973330838473,-0.01953516829281826,1
2022-08-03,-0.0016147416413374582,-0.00975124567083141,4.1095890410958905e-05,-0.001655837531748417,-0.009792341561242368,1
2022-08-04,0.0007611074112834348,0.008498035173755802,4.1095890410958905e-05,0.0007200115208724759,0.008456939283344844,1
2022-08-05,0.0005703964255157068,0.01350089101970009,0.0001232876712328767,0.0004471087542828301,0.013377603348467213,3
2022-08-08,0.0009501187648457421,-0.0021257370647161933,4.1095890410958905e-05,0.0009090228744347832,-0.0021668329551271523,1
2022-08-09,0.0008542952064545251,0.001980702082840846,4.1095890410958905e-05,0.0008131993160435661,0.0019396061924298873,1
2022-08-10,-0.0005690440060697188,-0.011200708362386624,4.1095890410958905e-05,-0.0006101398964806778,-0.011241804252797583,1
2022-08-11,0.0008540520022772835,0.020391936000386357,4.1095890410958905e-05,0.0008129561118663246,0.0203508401099754,1
2022-08-12,9.481369109698434e-05,-0.000570114605721983,0.0001232876712328767,-2.8473980135892366e-05,-0.0006934022769548597,3
2022-08-15,0.0020857034508912076,-0.0013057507816466307,4.1095890410958905e-05,0.0020446075604802485,-0.0013468466720575896,1
2022-08-16,0.0009460737937561081,-0.0018736265371875893,4.1095890410958905e-05,0.0009049779033451492,-0.0019147224275985481,1
2022-08-17,0.0006616257088845057,0.009364080025141996,4.1095890410958905e-05,0.0006205298184735467,0.009322984134731038,1
2022-08-18,-0.0021724756777179444,-0.008740659678280971,4.1095890410958905e-05,-0.0022135715681289034,-0.008781755568691929,1
2022-08-19,-0.002461188943581938,-0.006943805836588046,0.0001232876712328767,-0.0025844766148148146,-0.0070670935078209225,3
2022-08-22,-0.0012336306699564092,0.007304784607780279,4.1095890410958905e-05,-0.001274726560367368,0.00726368871736932,1
2022-08-23,-0.0008551068883609902,-0.004858233367727727,4.1095890410958905e-05,-0.0008962027787719492,-0.004899329258138686,1
2022-08-24,-0.004754659566375108,-0.018904408595811772,4.1095890410958905e-05,-0.004795755456786067,-0.01894550448622273,1
2022-08-25,0.0008599273839098309,0.008284327468061514,4.1095890410958905e-05,0.000818831493498872,0.008243231577650556,1
2022-08-26,-0.0012410501193318435,-0.0021121462414384062,0.0001232876712328767,-0.0013643377905647202,-0.002235433912671283,3
2022-08-29,-0.00019116803670427007,-0.004388265449524531,4.1095890410958905e-05,-0.00023226392711522898,-0.00442936133993549,1
2022-08-30,-9.560229445504387e-05,-0.0033565793349121797,4.1095890410958905e-05,-0.00013669818486600278,-0.003397675225323139,1
2022-08-31,-0.001338560091787011,0.0007474617765859115,4.1095890410958905e-05,-0.00137965598219797,0.0007063658861749526,1
2022-09-01,0.0,-0.008605559001796603,4.1095890410958905e-05,-4.1095890410958905e-05,-0.008646654892207561,1
2022-09-02,0.0006701771182382465,-0.004977175211212326,0.0001232876712328767,0.0005468894470053698,-0.005100462882445202,3
2022-09-05,0.0004783773440490968,-0.0020346638199384426,4.1095890410958905e-05,0.00043728145363813793,-0.0020757597103494016,1
2022-09-06,0.007746007459118243,0.009178053917262785,4.1095890410958905e-05,0.007704911568707284,0.009136958026851827,1
2022-09-07,-9.489466691969817e-05,0.0006669825053065015,4.1095890410958905e-05,-0.00013599055733065708,0.0006258866148955426,1
2022-09-08,0.004840087311378749,-0.004266133791436366,4.1095890410958905e-05,0.00479899142096779,-0.004307229681847325,1
2022-09-09,0.0016055912353607482,0.01389497082721114,0.00016438356164383562,0.0014412076737169127,0.013730587265567303,4
2022-09-13,0.00028288543140031486,0.004232535377875157,4.1095890410958905e-05,0.00024178954098935595,0.004191439487464198,1
2022-09-14,-0.0017911010558069318,-0.011129707041727888,4.1095890410958905e-05,-0.0018321969462178906,-0.011170802932138846,1
2022-09-15,-0.002455378222683824,-0.00940640174705365,4.1095890410958905e-05,-0.002496474113094783,-0.009447497637464608,1
2022-09-16,-0.0036921329167850514,-0.023450017091624642,0.0001232876712328767,-0.003815420588017928,-0.02357330476285752,3
2022-09-19,-0.0007601672367920642,-0.0011906630858030676,4.1095890410958905e-05,-0.0008012631272030232,-0.0012317589762140264,1
2022-09-20,0.0010460251046024993,0.0012311608647870287,4.1095890410958905e-05,0.0010049292141915405,0.0011900649743760699,1
2022-09-21,-9.499382540134604e-05,-0.007399571011871053,4.1095890410958905e-05,-0.00013608971581230496,-0.007440666902282012,1
2022-09-22,-0.0050351510545316724,-0.008809717299443687,4.1095890410958905e-05,-0.0050762469449426315,-0.008850813189854645,1
2022-09-23,-0.001432254368375685,-0.0034431676273807277,0.0001232876712328767,-0.0015555420396085617,-0.0035664552986136044,3
2022-09-26,-0.0024861350162556084,-0.005016543996179346,4.1095890410958905e-05,-0.0025272309066665674,-0.005057639886590305,1
2022-09-27,-0.0033550613496931003,0.014496319510634903,4.1095890410958905e-05,-0.0033961572401040594,0.014455223620223945,1
2022-09-28,-0.003558718861209953,-0.01633617184720071,4.1095890410958905e-05,-0.003599814751620912,-0.016377267737611667,1
2022-09-29,0.0008687258687258836,-0.00040911954204525536,4.1095890410958905e-05,0.0008276299783149247,-0.00045021543245621424,1
2022-09-30,-0.0016395023628122951,-0.00581585210525426,0.00041095890410958907,-0.0020504612669218843,-0.006226811009363849,10
2022-10-10,-0.001352395672333695,-0.022063424618870897,4.1095890410958905e-05,-0.0013934915627446538,-0.022104520509281855,1
2022-10-11,0.0010640355968272175,0.0018141131943532063,4.1095890410958905e-05,0.0010229397064162587,0.0017730173039422475,1
2022-10-12,0.00231906464392706,0.015188964244232217,4.1095890410958905e-05,0.002277968753516101,0.015147868353821259,1
2022-10-13,0.0007712330087727981,-0.008359127580155779,4.1095890410958905e-05,0.0007301371183618392,-0.008400223470566737,1
2022-10-14,0.005105481167517745,0.02392878420072253,0.0001232876712328767,0.0049821934962848684,0.023805496529489652,3
2022-10-17,-0.00028752156411748775,0.0010259286878455676,4.1095890410958905e-05,-0.00032861745452844663,0.0009848327974346087,1
2022-10-18,0.0,-0.0021176099210798993,4.1095890410958905e-05,-4.1095890410958905e-05,-0.0021587058114908584,1
2022-10-19,-0.0018214936247723523,-0.016083613991700996,4.1095890410958905e-05,-0.0018625895151833112,-0.016124709882111954,1
2022-10-20,-0.002016903572800599,-0.005721278521691908,4.1095890410958905e-05,-0.002057999463211558,-0.005762374412102867,1
2022-10-21,0.0,-0.0032048559986613823,0.0001232876712328767,-0.0001232876712328767,-0.003328143669894259,3
2022-10-24,-0.002502165335386275,-0.02926068229203127,4.1095890410958905e-05,-0.002543261225797234,-0.02930177818244223,1
2022-10-25,0.0002894356005789245,-0.0016290921717292406,4.1095890410958905e-05,0.0002483397101679656,-0.0016701880621401994,1
2022-10-26,0.0017361111111111605,0.008118227929659216,4.1095890410958905e-05,0.0016950152207002016,0.008077132039248258,1
2022-10-27,0.001059118043520213,-0.007043638322671297,4.1095890410958905e-05,0.0010180221531092542,-0.007084734213082256,1
2022-10-28,-0.003654900452053522,-0.02473470625572416,0.0001232876712328767,-0.003778188123286399,-0.024857993926957037,3
2022-10-31,-0.00405444540978861,-0.009212952367183003,4.1095890410958905e-05,-0.004095541300199569,-0.009254048257593961,1
2022-11-01,0.004458660463313002,0.03575959142058016,4.1095890410958905e-05,0.004417564572902043,0.0357184955301692,1
2022-11-02,0.004342371900028841,0.012006004556964989,4.1095890410958905e-05,0.004301276009617882,0.01196490866655403,1
2022-11-03,-0.003554957724827057,-0.008132160129964427,4.1095890410958905e-05,-0.003596053615238016,-0.008173256020375386,1
2022-11-04,0.006267476617491274,0.032697746970130614,0.0001232876712328767,0.006144188946258398,0.03257445929889774,3
2022-11-07,0.0014373323112302216,0.0021561251766775147,4.1095890410958905e-05,0.0013962364208192628,0.0021150292862665556,1
2022-11-08,-0.001818007846139169,-0.006879458572942476,4.1095890410958905e-05,-0.001859103736550128,-0.006920554463353435,1
2022-11-09,-0.0004792944785275699,-0.009349602679159519,4.1095890410958905e-05,-0.0005203903689385288,-0.009390698569570477,1
2022-11-10,-0.002109906972283526,-0.007695158650807943,4.1095890410958905e-05,-0.0021510028626944852,-0.007736254541218902,1
2022-11-11,0.0024026910139356428,0.027878156279349087,0.0001232876712328767,0.002279403342702766,0.02775486860811621,3
2022-11-14,-0.0077660594439118436,0.001472479942726812,4.1095890410958905e-05,-0.007807155334322803,0.0014313840523158532,1
2022-11-15,0.0013527877089574147,0.01896551810480762,4.1095890410958905e-05,0.001311691818546456,0.018924422214396663,1
2022-11-16,-0.0026054231400173267,-0.008169406063560758,4.1095890410958905e-05,-0.0026465190304282857,-0.008210501953971716,1
2022-11-17,-0.001064241486068207,-0.004101278276369302,4.1095890410958905e-05,-0.0011053373764791658,-0.004142374166780261,1
2022-11-18,-0.0031961259079903437,-0.0044768013106154525,0.0001232876712328767,-0.0033194135792232204,-0.004600088981848329,3
2022-11-21,9.716284492822247e-05,-0.008533766824568079,4.1095890410958905e-05,5.6066954517263564e-05,-0.008574862714979037,1
2022-11-22,9.715340522675753e-05,0.00011827672875641682,4.1095890410958905e-05,5.605751481579862e-05,7.71808383454579e-05,1
2022-11-23,0.0010685836409558558,0.001049455817631495,4.1095890410958905e-05,0.001027487750544897,0.0010083599272205361,1
2022-11-24,0.002134885977680634,-0.004430998497507055,4.1095890410958905e-05,0.002093790087269675,-0.004472094387918014,1
2022-11-25,-0.0018398373196475415,0.005049020069749721,0.0001232876712328767,-0.001963124990880418,0.004925732398516845,3
2022-11-28,-0.002328288707799775,-0.011264967914943247,4.1095890410958905e-05,-0.002369384598210734,-0.011306063805354205,1
2022-11-29,0.0016530532866589898,0.030852537193941654,4.1095890410958905e-05,0.001611957396248031,0.030811441303530696,1
2022-11-30,-0.003980196097466249,0.0011989588253098482,4.1095890410958905e-05,-0.004021291987877208,0.0011578629348988894,1
2022-12-01,0.008479532163742531,0.010830990051612588,4.1095890410958905e-05,0.008438436273331573,0.01078989416120163,1
2022-12-02,-0.0017396346767178938,-0.006116126998761184,0.0001232876712328767,-0.0018629223479507706,-0.006239414669994061,3
2022-12-05,0.006873850324329744,0.01961486021588832,4.1095890410958905e-05,0.006832754433918785,0.01957376432547736,1
2022-12-06,-0.0038461538461538325,0.00540224738254369,4.1095890410958905e-05,-0.0038872497365647915,0.005361151492132731,1
2022-12-07,-0.004922779922780007,-0.0024587987408591916,4.1095890410958905e-05,-0.004963875813190966,-0.0024998946312701506,1
2022-12-08,-0.000485013095353537,0.00018666440112813376,4.1095890410958905e-05,-0.0005261089857644959,0.00014556851071717485,1
2022-12-09,0.0010675465838509979,0.009866791096479144,0.0001232876712328767,0.0009442589126181212,0.009743503425246268,3
2022-12-12,-0.0007755695588949063,-0.011205143497738379,4.1095890410958905e-05,-0.0008166654493058652,-0.011246239388149337,1
2022-12-13,-0.0032987290191131002,-0.001963351795129964,4.1095890410958905e-05,-0.0033398249095240593,-0.002004447685540923,1
2022-12-14,0.0006813978389954567,0.0023327783721405204,4.1095890410958905e-05,0.0006403019485844978,0.0022916824817295614,1
2022-12-15,-0.00038910505836575737,-0.0007325622583731484,4.1095890410958905e-05,-0.00043020094877671626,-0.0007736581487841073,1
2022-12-16,-0.0018489684702218678,0.0005664237130245109,0.0001232876712328767,-0.0019722561414547445,0.0004431360417916342,3
2022-12-19,-0.003119820610315016,-0.015428122866997795,4.1095890410958905e-05,-0.003160916500725975,-0.015469218757408754,1
2022-12-20,-0.00371638141809294,-0.0164910763985201,4.1095890410958905e-05,-0.003757477308503899,-0.016532172288931057,1
2022-12-21,-0.0008834789437517365,0.0003972559747902338,4.1095890410958905e-05,-0.0009245748341626955,0.0003561600843792749,1
2022-12-22,0.00019650225977585478,0.0014331144676684726,4.1095890410958905e-05,0.00015540636936489587,0.0013920185772575138,1
2022-12-23,0.0016699410609037901,-0.0020357515638571577,0.0001232876712328767,0.0015466533896709134,-0.0021590392350900344,3
2022-12-26,0.0034323820731587684,0.003988774100372572,4.1095890410958905e-05,0.0033912861827478094,0.003947678209961613,1
2022-12-27,0.002247849882720754,0.011542976567096463,4.1095890410958905e-05,0.0022067539923097948,0.011501880676685505,1
2022-12-28,-0.0021452949780594865,-0.004267032661205872,4.1095890410958905e-05,-0.0021863908684704456,-0.004308128551616831,1
2022-12-29,-0.00019544610573651866,-0.003762000859460879,4.1095890410958905e-05,-0.00023654199614747757,-0.003803096749871838,1
2022-12-30,-0.0017593588114551695,0.0038719883033704328,0.00016438356164383562,-0.001923742373099005,0.003707604741726597,4
2023-01-03,0.0031332615294230592,0.00420117212531812,4.1095890410958905e-05,0.0030921656390121,0.004160076234907161,1
2023-01-04,0.0019521717911177294,0.0012985161755223462,4.1095890410958905e-05,0.0019110759007067706,0.0012574202851113874,1
2023-01-05,0.002532878714076814,0.019427566417087982,4.1095890410958905e-05,0.002491782823665855,0.019386470526677024,1
2023-01-06,0.0002915168593919937,0.003102017745297392,0.0001232876712328767,0.00016822918815911697,0.002978730074064515,3
2023-01-09,0.00048571983679801534,0.008096382898211019,4.1095890410958905e-05,0.00044462394638705645,0.00805528700780006,1
2023-01-10,-0.0028158073599380273,0.0010849664186434183,4.1095890410958905e-05,-0.0028569032503489864,0.0010438705282324594,1
2023-01-11,-0.00019474196689384105,-0.0018526070251561055,4.1095890410958905e-05,-0.00023583785730479996,-0.0018937029155670644,1
2023-01-12,0.0001947798987145255,0.0019546732171065173,4.1095890410958905e-05,0.0001536840083035666,0.0019135773266955585,1
2023-01-13,0.00048685491723476915,0.014064171128318481,0.0001232876712328767,0.00036356724600189244,0.013940883457085605,3
2023-01-16,0.001362530413625107,0.015606581540854814,4.1095890410958905e-05,0.0013214345232141482,0.015565485650443855,1
2023-01-17,0.0010691029254543682,-0.00017450609711644471,4.1095890410958905e-05,0.0010280070350434094,-0.00021560198752740363,1
2023-01-18,-0.0002912621359223433,-0.0016745212547623067,4.1095890410958905e-05,-0.0003323580263333022,-0.0017156171451732656,1
2023-01-19,0.0013596193065938955,0.00622068882263993,4.1095890410958905e-05,0.0013185234161829367,0.006179592932228971,1
2023-01-20,0.001260789448162214,0.006140267738194982,0.00041095890410958907,0.0008498305440526249,0.005729308834085393,10
2023-01-30,0.0009686168151881169,0.004739489048342094,4.1095890410958905e-05,0.000927520924777158,0.004698393157931135,1
2023-01-31,-0.0009676795045482356,-0.010588799539195337,4.1095890410958905e-05,-0.0010087753949591944,-0.010629895429606295,1
2023-02-01,0.0007748934521503159,0.00940022533366447,4.1095890410958905e-05,0.000733797561739357,0.009359129443253511,1
2023-02-02,0.0006775067750679487,-0.0035233878365843463,4.1095890410958905e-05,0.0006364108846569897,-0.0035644837269953053,1
2023-02-03,-0.0006770480704131332,-0.009451324782877246,0.0001232876712328767,-0.0008003357416460099,-0.009574612454110122,3
2023-02-06,-0.0013550135501353422,-0.013220392666958292,4.1095890410958905e-05,-0.001396109440546301,-0.01326148855736925,1
2023-02-07,0.0007753440589259863,0.001799809091433735,4.1095890410958905e-05,0.0007342481685150274,0.0017587132010227762,1
2023-02-08,-0.0003873716831299667,-0.0044189956435068956,4.1095890410958905e-05,-0.0004284675735409256,-0.004460091533917855,1
2023-02-09,0.002809533036233214,0.013423333161847628,4.1095890410958905e-05,0.0027684371458222548,0.01338223727143667,1
2023-02-10,-0.0004830451164138383,-0.005942302764571972,0.0001232876712328767,-0.000606332787646715,-0.006065590435804848,3
2023-02-13,0.0014498356852890026,0.009074887848814717,4.1095890410958905e-05,0.0014087397948780438,0.009033791958403758,1
2023-02-14,0.0001930315606601951,0.00041418350438560125,4.1095890410958905e-05,0.0001519356702492362,0.00037308761397464237,1
2023-02-15,-0.000578982920003801,-0.005210950007794479,4.1095890410958905e-05,-0.00062007881041476,-0.005252045898205438,1
2023-02-16,-0.0013517427826591488,-0.007323951394689221,4.1095890410958905e-05,-0.0013928386730701077,-0.00736504728510018,1
2023-02-17,-0.0019336749492410155,-0.014408398354498475,0.0001232876712328767,-0.002056962620473892,-0.014531686025731351,3
2023-02-20,0.0032936161968419864,0.024534001304248543,4.1095890410958905e-05,0.0032525203064310273,0.024492905413837585,1
2023-02-21,0.0,0.0026282877305414676,4.1095890410958905e-05,-4.1095890410958905e-05,0.0025871918401305085,1
2023-02-22,9.655305590428043e-05,-0.009025050372149734,4.1095890410958905e-05,5.545716549332152e-05,-0.009066146262560693,1
2023-02-23,9.654373431167151e-05,-0.0008045628793293957,4.1095890410958905e-05,5.544784390071261e-05,-0.0008456587697403547,1
2023-02-24,-0.0005792064871126268,-0.010381157849788436,0.0001232876712328767,-0.0007024941583455035,-0.010504445521021312,3
2023-02-27,-0.0007727228822564935,-0.004235682449966083,4.1095890410958905e-05,-0.0008138187726674525,-0.004276778340377042,1
2023-02-28,-0.000579990333494429,0.00633414579453162,4.1095890410958905e-05,-0.0006210862239053879,0.006293049904120661,1
2023-03-01,0.005513105716220101,0.014125416729256823,4.1095890410958905e-05,0.005472009825809142,0.014084320838845865,1
2023-03-02,-9.619084263179367e-05,-0.002230174573591648,4.1095890410958905e-05,-0.00013728673304275258,-0.002271270464002607,1
2023-03-03,-0.0011544011544012411,0.00311180578597825,0.0001232876712328767,-0.0012776888256341178,0.0029885181147453733,3
2023-03-06,0.0010594240585573012,-0.005215066569927429,4.1095890410958905e-05,0.0010183281681463423,-0.005256162460338388,1
2023-03-07,-0.0015393496247835259,-0.014640581812135567,4.1095890410958905e-05,-0.0015804455151944847,-0.014681677702546525,1
2023-03-08,0.0003854307188282391,-0.003641575529102492,4.1095890410958905e-05,0.0003443348284172802,-0.003682671419513451,1
2023-03-09,0.0030822577538047735,-0.0035341644448412257,4.1095890410958905e-05,0.0030411618633938145,-0.0035752603352521848,1
2023-03-10,-0.003360860380257402,-0.013113746394299963,0.0001232876712328767,-0.003484148051490279,-0.01323703406553284,3
2023-03-13,0.00481741978996042,0.010473754461405749,4.1095890410958905e-05,0.004776323899549461,0.01043265857099479,1
2023-03-14,0.00038354588167610615,-0.005984604431477081,4.1095890410958905e-05,0.00034244999126514726,-0.00602570032188804,1
2023-03-15,0.0008626473689257175,0.0005537185826691715,4.1095890410958905e-05,0.0008215514785147585,0.0005126226922582126,1
2023-03-16,-0.0022984102662324535,-0.01197709399428426,4.1095890410958905e-05,-0.0023395061566434125,-0.012018189884695218,1
2023-03-17,0.001343827990017088,0.004993183174900162,0.0001232876712328767,0.0012205403187842113,0.004869895503667286,3
2023-03-20,0.0007668711656443339,-0.004986941308815385,4.1095890410958905e-05,0.000725775275233375,-0.005028037199226344,1
2023-03-21,0.0046934865900383205,0.010992727484128828,4.1095890410958905e-05,0.004652390699627361,0.01095163159371787,1
2023-03-22,0.0008580417580323907,0.004285002363662915,4.1095890410958905e-05,0.0008169458676214317,0.004243906473251956,1
2023-03-23,0.00180986854638987,0.009913081140029867,4.1095890410958905e-05,0.0017687726559789112,0.009871985249618909,1
2023-03-24,-0.0009508414947229094,-0.0029818106283606705,0.0001232876712328767,-0.001074129165955786,-0.003105098299593547,3
2023-03-27,-0.0024745407823355547,-0.003617689265358992,4.1095890410958905e-05,-0.002515636672746514,-0.003658785155769951,1
2023-03-28,-0.000667875202747803,-0.003230523110025918,4.1095890410958905e-05,-0.0007089710931587619,-0.003271619000436877,1
2023-03-29,-0.0016230666412068162,0.0016575260993538787,4.1095890410958905e-05,-0.001664162531617775,0.00161643020894292,1
2023-03-30,0.0007650377737400404,0.00808300949741203,4.1095890410958905e-05,0.0007239418833290815,0.008041913607001072,1
2023-03-31,0.0013377926421405117,0.003070427408695009,0.0001232876712328767,0.001214504970907635,0.0029471397374621323,3
2023-04-03,0.0020994369691764714,0.009785886717201375,4.1095890410958905e-05,0.0020583410787655123,0.009744790826790417,1
2023-04-04,0.00028568707742127053,0.0030650025194547403,8.219178082191781e-05,0.0002034952965993527,0.0029828107386328227,2
2023-04-06,0.0006664127951256926,-0.0015756846790083712,4.1095890410958905e-05,0.0006253169047147337,-0.00161678056941933,1
2023-04-07,0.0019979069546189887,0.006502865763162058,0.0001232876712328767,0.001874619283386112,0.006379578091929182,3
2023-04-10,-0.00037979491074813243,-0.0044789828602225246,4.1095890410958905e-05,-0.0004208908011590913,-0.004520078750633484,1
2023-04-11,9.498480243164131e-05,-0.0011362031262920347,4.1095890410958905e-05,5.388891202068241e-05,-0.0011772990167029935,1
2023-04-12,0.0018995156235159794,-0.0006976089813736097,4.1095890410958905e-05,0.0018584197331050205,-0.0007387048717845687,1
2023-04-13,-0.0013271400132712774,-0.0069092050067462996,4.1095890410958905e-05,-0.0013682359036822362,-0.006950300897157259,1
2023-04-14,0.00208827717133353,0.005657488589396742,0.0001232876712328767,0.0019649895001006535,0.005534200918163866,3
2023-04-17,0.0017997537179121892,0.014023660026488916,4.1095890410958905e-05,0.0017586578275012304,0.013982564136077957,1
2023-04-18,0.0005673222390316646,0.0030482599873389304,4.1095890410958905e-05,0.0005262263486207056,0.0030071640969279714,1
2023-04-19,-0.0005670005670005418,-0.009003558838567405,4.1095890410958905e-05,-0.0006080964574115007,-0.009044654728978363,1
2023-04-20,9.455370650535144e-05,-0.002797802208619249,4.1095890410958905e-05,5.345781609439254e-05,-0.002838898099030208,1
2023-04-21,-0.00340361161009739,-0.019560326876178924,0.0001232876712328767,-0.003526899281330267,-0.019683614547411802,3
2023-04-24,-0.002276823830756003,-0.01238027725861579,4.1095890410958905e-05,-0.002317919721166962,-0.012421373149026749,1
2023-04-25,-9.508414947223542e-05,-0.005016040981228764,4.1095890410958905e-05,-0.00013618003988319434,-0.005057136871639723,1
2023-04-26,0.0007607455306199995,-0.0008664621679678186,4.1095890410958905e-05,0.0007196496402090406,-0.0009075580583787775,1
2023-04-27,0.0024705435195742087,0.007371681626258786,4.1095890410958905e-05,0.0024294476291632497,0.007330585735847827,1
2023-04-28,0.0021800947867298692,0.010196347248915716,0.0002465753424657534,0.0019335194442641158,0.009949771906449963,6
2023-05-04,0.0014187080298875276,0.00028822915610282607,4.1095890410958905e-05,0.0013776121394765688,0.0002471332656918672,1
2023-05-05,-0.0009444654325651003,-0.0033173400211615744,0.0001232876712328767,-0.001067753103797977,-0.003440627692394451,3
2023-05-08,0.0016071090943468036,0.01139815718547954,4.1095890410958905e-05,0.0015660132039358448,0.011357061295068582,1
2023-05-09,-0.0013213780084946336,-0.00856261155246374,4.1095890410958905e-05,-0.0013624738989055924,-0.008603707442874697,1
2023-05-10,-0.0003780361024476875,-0.007697829977560855,4.1095890410958905e-05,-0.00041913199285864637,-0.007738925867971814,1
2023-05-11,0.0007563581355771731,-0.0015526651545665349,4.1095890410958905e-05,0.0007152622451662142,-0.0015937610449774937,1
2023-05-12,-0.002172886159659826,-0.013256316236319288,0.0001232876712328767,-0.0022961738308927026,-0.013379603907552164,3
2023-05-15,0.0017042226850976228,0.015522775854773574,4.1095890410958905e-05,0.001663126794686664,0.015481679964362616,1
2023-05-16,0.0003780718336483524,-0.005171888819469617,4.1095890410958905e-05,0.0003369759432373935,-0.005212984709880576,1
2023-05-17,9.448223733943273e-05,-0.004534808584795491,4.1095890410958905e-05,5.338634692847382e-05,-0.00457590447520645,1
2023-05-18,0.0008502598016060237,-0.0010340225722917928,4.1095890410958905e-05,0.0008091639111950647,-0.0010751184627027517,1
2023-05-19,0.0014158957900698432,-0.0029144579617028654,0.0001232876712328767,0.0012926081188369665,-0.003037745632935742,3
2023-05-22,-0.00018851918182671845,0.006283976867976104,4.1095890410958905e-05,-0.00022961507223767736,0.006242880977565145,1
2023-05-23,-0.0012256057320637614,-0.014143327092897784,4.1095890410958905e-05,-0.0012667016224747203,-0.014184422983308742,1
2023-05-24,-0.0008495374740418171,-0.0138236898496219,4.1095890410958905e-05,-0.0008906333644527761,-0.013864785740032859,1
2023-05-25,-0.0004723665564477786,-0.002226921944233795,4.1095890410958905e-05,-0.0005134624468587375,-0.002268017834644754,1
2023-05-26,0.004536862003780673,0.00011725751120716943,0.0001232876712328767,0.0044135743325477966,-6.03016002570728e-06,3
2023-05-29,0.00047045540082790716,-0.004416960786648327,4.1095890410958905e-05,0.00042935951041694827,-0.004458056677059286,1
2023-05-30,0.0008464215179160295,0.0009941465983727138,4.1095890410958905e-05,0.0008053256275050705,0.0009530507079617549,1
2023-05-31,-0.0002819018981393695,-0.01021683755528724,4.1095890410958905e-05,-0.0003229977885503284,-0.010257933445698197,1
2023-06-01,0.005827615377385076,0.0021914979304962223,4.1095890410958905e-05,0.005786519486974117,0.0021504020400852633,1
2023-06-02,0.001682085786375076,0.01443858874115378,0.0001232876712328767,0.0015587981151421993,0.014315301069920903,3
2023-06-05,0.0017725534098329554,-0.004553406844007846,4.1095890410958905e-05,0.0017314575194219966,-0.004594502734418805,1
2023-06-06,-0.0016762898118830583,-0.009387086560361468,4.1095890410958905e-05,-0.001717385702294017,-0.009428182450772427,1
2023-06-07,0.0002798507462686839,-0.004942304332621772,4.1095890410958905e-05,0.00023875485585772498,-0.004983400223032731,1
2023-06-08,0.0008393173552176947,0.008139909680356716,4.1095890410958905e-05,0.0007982214648067357,0.008098813789945758,1
2023-06-09,0.005124860231084716,0.004323322731844437,0.0001232876712328767,0.0050015725598518395,0.0042000350606115604,3
2023-06-12,-0.002224900343005376,0.002014698767634604,4.1095890410958905e-05,-0.002265996233416335,0.001973602877223645,1
2023-06-13,0.002044039765864536,0.005325883737739678,4.1095890410958905e-05,0.002002943875453577,0.005284787847328719,1
2023-06-14,0.0009272137227629429,-0.0002283883955408461,4.1095890410958905e-05,0.000886117832351984,-0.000269484285951805,1
2023-06-15,0.0002779064381659424,0.015909499750351053,4.1095890410958905e-05,0.0002368105477549835,0.015868403859940095,1
2023-06-16,0.00037043897017952077,0.00964246740172725,0.0001232876712328767,0.00024715129894664406,0.009519179730494374,3
2023-06-19,-0.00046287724495464033,-0.00818575009343725,4.1095890410958905e-05,-0.0005039731353655993,-0.008226845983848208,1
2023-06-20,-0.0003704732796149246,-0.0016968599035352971,4.1095890410958905e-05,-0.0004115691700258835,-0.001737955793946256,1
2023-06-21,-0.005188548133049031,-0.01534193507187398,0.00020547945205479453,-0.005394027585103826,-0.015547414523928774,5
2023-06-26,-0.0018627177051318,-0.014062020133734365,4.1095890410958905e-05,-0.0019038135955427588,-0.014103116024145324,1
2023-06-27,0.001679574507791104,0.00938059050482809,4.1095890410958905e-05,0.0016384786173801451,0.009339494614417132,1
2023-06-28,0.00046576618537508274,-0.0012052737670609215,4.1095890410958905e-05,0.00042467029496412386,-0.0012463696574718803,1
2023-06-29,0.00018621973929233704,-0.004935197591459217,4.1095890410958905e-05,0.00014512384888137813,-0.004976293481870176,1
2023-06-30,0.0011171104077452032,0.005392188350988203,0.0001232876712328767,0.0009938227365123265,0.005268900679755327,3
