产品代码,产品类型,计算模式,周期,最大回撤,贝塔,回撤修复,年化波动率,下行风险,防守能力,最大回撤排名,贝塔排名,回撤修复排名,年化波动率排名,下行风险排名,防守能力排名
000001,1,交易日,近 1 年,,,,,,,,,,,,
000001,1,交易日,近 2 年,,,,,,,,,,,,
000001,1,交易日,近 3 年,,,,,,,,,,,,
000001,1,交易日,近 5 年,,,,,,,,,,,,
000001,1,交易日,今年以来,,,,,,,,,,,,
000001,1,交易日,成立以来,,,,,,,,,,,,
009023,未分类,交易日,近 1 年,,,,,,,,,,,,
009023,未分类,交易日,近 2 年,,,,,,,,,,,,
009023,未分类,交易日,近 3 年,,,,,,,,,,,,
009023,未分类,交易日,近 5 年,,,,,,,,,,,,
009023,未分类,交易日,今年以来,,,,,,,,,,,,
009023,未分类,交易日,成立以来,,,,,,,,,,,,
1011,1,交易日,近 1 年,-2.65%,-1.22%,77天,3.65%,13.53%,96.14%,4/4名,1/4名,2/4名,1/4名,2/4名,1/4名
1011,1,交易日,近 2 年,-2.65%,-0.60%,46天,3.00%,2.90%,98.14%,3/3名,1/3名,1/3名,1/3名,1/3名,1/3名
1011,1,交易日,近 3 年,-2.65%,-0.60%,46天,3.00%,2.90%,98.14%,,,,,,
1011,1,交易日,近 5 年,-2.65%,-0.60%,46天,3.00%,2.90%,98.14%,,,,,,
1011,1,交易日,今年以来,-2.65%,-2.95%,77天,4.27%,9.71%,97.88%,3/4名,1/4名,3/4名,2/4名,2/4名,1/4名
1011,1,交易日,成立以来,-2.65%,-0.60%,46天,3.00%,2.90%,98.14%,3/3名,1/3名,1/3名,1/3名,1/3名,1/3名
1012,1,交易日,近 1 年,-18.24%,91.51%,150天,28.70%,19.46%,27.61%,2/4名,4/4名,3/4名,4/4名,3/4名,3/4名
1012,1,交易日,近 2 年,-29.35%,88.21%,236天,27.76%,19.47%,23.92%,2/3名,2/3名,2/3名,3/3名,2/3名,2/3名
1012,1,交易日,近 3 年,-29.35%,88.21%,236天,27.76%,19.47%,23.92%,,,,,,
1012,1,交易日,近 5 年,-29.35%,88.21%,236天,27.76%,19.47%,23.92%,,,,,,
1012,1,交易日,今年以来,-18.24%,99.16%,42天,23.43%,24.73%,0.16%,2/4名,4/4名,2/4名,3/4名,3/4名,3/4名
1012,1,交易日,成立以来,-29.35%,88.21%,236天,27.76%,19.47%,23.92%,2/3名,2/3名,2/3名,3/3名,2/3名,2/3名
1013,1,交易日,近 1 年,-36.75%,88.44%,12天,25.55%,20.44%,-6.00%,1/4名,3/4名,1/4名,3/4名,4/4名,4/4名
1013,1,交易日,近 2 年,-38.08%,99.80%,,27.42%,19.84%,-7.74%,1/3名,3/3名,,2/3名,3/3名,3/3名
1013,1,交易日,近 3 年,-38.08%,99.80%,,27.42%,19.84%,-7.74%,,,,,,
1013,1,交易日,近 5 年,-38.08%,99.80%,,27.42%,19.84%,-7.74%,,,,,,
1013,1,交易日,今年以来,-24.94%,91.70%,6天,27.49%,25.25%,-13.06%,1/4名,3/4名,1/4名,4/4名,4/4名,4/4名
1013,1,交易日,成立以来,-38.08%,99.80%,,27.42%,19.84%,-7.74%,1/1名,1/1名,,1/1名,1/1名,1/1名
1022,1,交易日,近 1 年,-5.66%,15.14%,173天,4.58%,3.55%,87.63%,3/4名,2/4名,4/4名,2/4名,1/4名,2/4名
1022,1,交易日,近 2 年,-5.66%,10.88%,167天,4.10%,3.21%,90.13%,,,,,,
1022,1,交易日,近 3 年,-5.66%,10.88%,167天,4.10%,3.21%,90.13%,,,,,,
1022,1,交易日,近 5 年,-5.66%,10.88%,167天,4.10%,3.21%,90.13%,,,,,,
1022,1,交易日,今年以来,-0.81%,14.13%,,2.83%,1.69%,92.59%,4/4名,2/4名,,1/4名,1/4名,2/4名
1022,1,交易日,成立以来,-5.66%,10.88%,167天,4.10%,3.21%,90.13%,3/4名,2/4名,2/4名,2/4名,2/4名,2/4名
1029,1,交易日,近 1 年,-14.75%,46.19%,8天,14.63%,9.83%,41.94%,,,,,,
1029,1,交易日,近 2 年,-14.75%,46.19%,8天,14.63%,9.83%,41.94%,,,,,,
1029,1,交易日,近 3 年,-14.75%,46.19%,8天,14.63%,9.83%,41.94%,,,,,,
1029,1,交易日,近 5 年,-14.75%,46.19%,8天,14.63%,9.83%,41.94%,,,,,,
1029,1,交易日,今年以来,-14.75%,46.19%,8天,14.63%,9.83%,41.94%,,,,,,
1029,1,交易日,成立以来,-14.75%,46.19%,8天,14.63%,9.83%,41.94%,1/1名,1/1名,1/1名,1/1名,1/1名,1/1名
1111,未分类,交易日,近 1 年,,,,,,,,,,,,
1111,未分类,交易日,近 2 年,,,,,,,,,,,,
1111,未分类,交易日,近 3 年,,,,,,,,,,,,
1111,未分类,交易日,近 5 年,,,,,,,,,,,,
1111,未分类,交易日,今年以来,,,,,,,,,,,,
1111,未分类,交易日,成立以来,,,,,,,,,,,,
1121,1,交易日,近 1 年,,,,,,,,,,,,
1121,1,交易日,近 2 年,,,,,,,,,,,,
1121,1,交易日,近 3 年,,,,,,,,,,,,
1121,1,交易日,近 5 年,,,,,,,,,,,,
1121,1,交易日,今年以来,,,,,,,,,,,,
1121,1,交易日,成立以来,,,,,,,,,,,,
1704683239316471810,1,交易日,近 1 年,,,,,,,,,,,,
1704683239316471810,1,交易日,近 2 年,,,,,,,,,,,,
1704683239316471810,1,交易日,近 3 年,,,,,,,,,,,,
1704683239316471810,1,交易日,近 5 年,,,,,,,,,,,,
1704683239316471810,1,交易日,今年以来,,,,,,,,,,,,
1704683239316471810,1,交易日,成立以来,,,,,,,,,,,,
1710491917210697730,1,交易日,近 1 年,-100.00%,0.00%,,0.00%,,100.00%,1/13名,5/13名,,1/13名,,1/13名
1710491917210697730,1,交易日,近 2 年,-100.00%,19.88%,14天,7.99%,16.63%,90.25%,,,,,,
1710491917210697730,1,交易日,近 3 年,-100.00%,19.88%,14天,7.99%,16.63%,90.25%,,,,,,
1710491917210697730,1,交易日,近 5 年,-100.00%,19.88%,14天,7.99%,16.63%,90.25%,,,,,,
1710491917210697730,1,交易日,今年以来,-100.00%,0.00%,,0.00%,,100.00%,1/13名,5/13名,,1/13名,,1/13名
1710491917210697730,1,交易日,成立以来,-100.00%,19.88%,14天,7.99%,16.63%,90.25%,1/12名,12/12名,2/12名,10/12名,10/12名,9/12名
1710536727690821634,1,交易日,近 1 年,-99.95%,0.01%,,0.01%,,99.36%,2/13名,10/13名,,6/13名,,12/13名
1710536727690821634,1,交易日,近 2 年,-99.95%,0.51%,,0.15%,0.25%,99.79%,,,,,,
1710536727690821634,1,交易日,近 3 年,-99.95%,0.51%,,0.15%,0.25%,99.79%,,,,,,
1710536727690821634,1,交易日,近 5 年,-99.95%,0.51%,,0.15%,0.25%,99.79%,,,,,,
1710536727690821634,1,交易日,今年以来,-99.95%,0.01%,,0.02%,,99.36%,2/13名,9/13名,,6/13名,,11/13名
1710536727690821634,1,交易日,成立以来,-99.95%,0.51%,,0.15%,0.25%,99.79%,1/9名,3/9名,,1/9名,1/9名,1/9名
1710538515382878209,1,交易日,近 1 年,-12.30%,-0.00%,,0.01%,,99.99%,7/13名,2/13名,,4/13名,,7/13名
1710538515382878209,1,交易日,近 2 年,-12.89%,1.14%,,0.38%,0.63%,99.00%,2/3名,2/3名,,2/3名,1/3名,2/3名
1710538515382878209,1,交易日,近 3 年,-12.89%,0.74%,,0.32%,0.63%,99.31%,,,,,,
1710538515382878209,1,交易日,近 5 年,-12.89%,0.74%,,0.32%,0.63%,99.31%,,,,,,
1710538515382878209,1,交易日,今年以来,-12.30%,-0.00%,,0.01%,,99.99%,7/13名,2/13名,,4/13名,,7/13名
1710538515382878209,1,交易日,成立以来,-12.89%,0.74%,,0.32%,0.63%,99.31%,2/3名,2/3名,,2/3名,1/3名,2/3名
1710538696010579969,1,交易日,近 1 年,-99.91%,0.01%,,0.10%,,100.00%,3/13名,11/13名,,10/13名,,1/13名
1710538696010579969,1,交易日,近 2 年,-99.91%,16.22%,6天,8.58%,12.24%,93.14%,,,,,,
1710538696010579969,1,交易日,近 3 年,-99.91%,16.22%,6天,8.58%,12.24%,93.14%,,,,,,
1710538696010579969,1,交易日,近 5 年,-99.91%,16.22%,6天,8.58%,12.24%,93.14%,,,,,,
1710538696010579969,1,交易日,今年以来,-99.91%,0.02%,,0.11%,,100.00%,3/13名,11/13名,,10/13名,,1/13名
1710538696010579969,1,交易日,成立以来,-99.91%,16.22%,6天,8.58%,12.24%,93.14%,2/10名,9/10名,1/10名,10/10名,8/10名,7/10名
1710542495504744449,1,交易日,近 1 年,-12.30%,-0.00%,,0.01%,,99.99%,6/13名,4/13名,,3/13名,,6/13名
1710542495504744449,1,交易日,近 2 年,-12.89%,1.11%,,0.37%,0.65%,99.03%,1/3名,1/3名,,1/3名,3/3名,1/3名
1710542495504744449,1,交易日,近 3 年,-12.89%,0.72%,,0.31%,0.65%,99.33%,,,,,,
1710542495504744449,1,交易日,近 5 年,-12.89%,0.72%,,0.31%,0.65%,99.33%,,,,,,
1710542495504744449,1,交易日,今年以来,-12.30%,-0.00%,,0.01%,,99.99%,6/13名,4/13名,,3/13名,,6/13名
1710542495504744449,1,交易日,成立以来,-12.89%,0.72%,,0.31%,0.65%,99.33%,1/3名,1/3名,,1/3名,3/3名,1/3名
1710546782947459074,1,交易日,近 1 年,-12.30%,-0.00%,,0.01%,,99.99%,7/13名,2/13名,,4/13名,,7/13名
1710546782947459074,1,交易日,近 2 年,-12.89%,1.14%,,0.38%,0.63%,99.00%,2/3名,2/3名,,2/3名,1/3名,2/3名
1710546782947459074,1,交易日,近 3 年,-12.89%,0.74%,,0.32%,0.63%,99.31%,,,,,,
1710546782947459074,1,交易日,近 5 年,-12.89%,0.74%,,0.32%,0.63%,99.31%,,,,,,
1710546782947459074,1,交易日,今年以来,-12.30%,-0.00%,,0.01%,,99.99%,7/13名,2/13名,,4/13名,,7/13名
1710546782947459074,1,交易日,成立以来,-12.89%,0.74%,,0.32%,0.63%,99.31%,2/3名,2/3名,,2/3名,1/3名,2/3名
1710565230876377090,1,交易日,近 1 年,,,,,,,,,,,,
1710565230876377090,1,交易日,近 2 年,,,,,,,,,,,,
1710565230876377090,1,交易日,近 3 年,,,,,,,,,,,,
1710565230876377090,1,交易日,近 5 年,,,,,,,,,,,,
1710565230876377090,1,交易日,今年以来,,,,,,,,,,,,
1710565230876377090,1,交易日,成立以来,,,,,,,,,,,,
1710566678754312193,1,交易日,近 1 年,-98.96%,0.01%,,0.05%,,99.86%,4/13名,9/13名,,9/13名,,9/13名
1710566678754312193,1,交易日,近 2 年,-98.96%,7.80%,3天,3.98%,9.33%,96.24%,,,,,,
1710566678754312193,1,交易日,近 3 年,-98.96%,7.80%,3天,3.98%,9.33%,96.24%,,,,,,
1710566678754312193,1,交易日,近 5 年,-98.96%,7.80%,3天,3.98%,9.33%,96.24%,,,,,,
1710566678754312193,1,交易日,今年以来,-98.96%,0.01%,,0.06%,,99.86%,4/13名,10/13名,,9/13名,,9/13名
1710566678754312193,1,交易日,成立以来,-98.96%,7.80%,3天,3.98%,9.33%,96.24%,4/13名,8/13名,1/13名,7/13名,8/13名,6/13名
1711919708976267266,1,交易日,近 1 年,,,,,,,,,,,,
1711919708976267266,1,交易日,近 2 年,,,,,,,,,,,,
1711919708976267266,1,交易日,近 3 年,,,,,,,,,,,,
1711919708976267266,1,交易日,近 5 年,,,,,,,,,,,,
1711919708976267266,1,交易日,今年以来,,,,,,,,,,,,
1711919708976267266,1,交易日,成立以来,,,,,,,,,,,,
1712017268000768001,1,交易日,近 1 年,,,,,,,,,,,,
1712017268000768001,1,交易日,近 2 年,,,,,,,,,,,,
1712017268000768001,1,交易日,近 3 年,,,,,,,,,,,,
1712017268000768001,1,交易日,近 5 年,,,,,,,,,,,,
1712017268000768001,1,交易日,今年以来,,,,,,,,,,,,
1712017268000768001,1,交易日,成立以来,,,,,,,,,,,,
1712049063673020417,1,交易日,近 1 年,,,,,,,,,,,,
1712049063673020417,1,交易日,近 2 年,,,,,,,,,,,,
1712049063673020417,1,交易日,近 3 年,,,,,,,,,,,,
1712049063673020417,1,交易日,近 5 年,,,,,,,,,,,,
1712049063673020417,1,交易日,今年以来,,,,,,,,,,,,
1712049063673020417,1,交易日,成立以来,,,,,,,,,,,,
1716750949818908674,1,交易日,近 1 年,-20.66%,0.00%,,0.02%,,100.00%,5/13名,7/13名,,7/13名,,1/13名
1716750949818908674,1,交易日,近 2 年,-20.76%,7.00%,,2.19%,3.25%,95.06%,,,,,,
1716750949818908674,1,交易日,近 3 年,-20.76%,7.00%,,2.19%,3.25%,95.06%,,,,,,
1716750949818908674,1,交易日,近 5 年,-20.76%,7.00%,,2.19%,3.25%,95.06%,,,,,,
1716750949818908674,1,交易日,今年以来,-20.66%,0.00%,,0.02%,,100.00%,5/13名,7/13名,,7/13名,,1/13名
1716750949818908674,1,交易日,成立以来,-20.76%,7.00%,,2.19%,3.25%,95.06%,3/11名,7/11名,,6/11名,6/11名,7/11名
1718195864184635393,1,交易日,近 1 年,-0.00%,-0.04%,,0.29%,,99.67%,11/13名,1/13名,,11/13名,,10/13名
1718195864184635393,1,交易日,近 2 年,-13.35%,16.55%,,6.32%,9.32%,87.21%,,,,,,
1718195864184635393,1,交易日,近 3 年,-13.35%,16.55%,,6.32%,9.32%,87.21%,,,,,,
1718195864184635393,1,交易日,近 5 年,-13.35%,16.55%,,6.32%,9.32%,87.21%,,,,,,
1718195864184635393,1,交易日,今年以来,-0.00%,-0.05%,,0.32%,,99.61%,11/13名,1/13名,,11/13名,,10/13名
1718195864184635393,1,交易日,成立以来,-13.35%,16.55%,,6.32%,9.32%,87.21%,1/7名,7/7名,,7/7名,5/7名,7/7名
1718879225622380545,1,交易日,近 1 年,-0.00%,0.00%,,0.00%,,100.00%,11/13名,5/13名,,1/13名,,1/13名
1718879225622380545,1,交易日,近 2 年,-10.84%,15.82%,,6.17%,9.99%,89.09%,,,,,,
1718879225622380545,1,交易日,近 3 年,-10.84%,15.82%,,6.17%,9.99%,89.09%,,,,,,
1718879225622380545,1,交易日,近 5 年,-10.84%,15.82%,,6.17%,9.99%,89.09%,,,,,,
1718879225622380545,1,交易日,今年以来,-0.00%,0.00%,,0.00%,,100.00%,11/13名,5/13名,,1/13名,,1/13名
1718879225622380545,1,交易日,成立以来,-10.84%,15.82%,,6.17%,9.99%,89.09%,5/7名,6/7名,,6/7名,6/7名,6/7名
1719226013768302594,1,交易日,近 1 年,-8.00%,1.21%,,8.09%,,90.77%,9/13名,13/13名,,13/13名,,13/13名
1719226013768302594,1,交易日,近 2 年,-8.00%,0.37%,,6.05%,,95.96%,,,,,,
1719226013768302594,1,交易日,近 3 年,-8.00%,0.37%,,6.05%,,95.96%,,,,,,
1719226013768302594,1,交易日,近 5 年,-8.00%,0.37%,,6.05%,,95.96%,,,,,,
1719226013768302594,1,交易日,今年以来,-8.00%,1.47%,,8.92%,,89.03%,9/13名,13/13名,,13/13名,,13/13名
1719226013768302594,1,交易日,成立以来,-8.00%,0.37%,,6.05%,,95.96%,6/7名,2/7名,,5/7名,,5/7名
1719226835906412546,1,交易日,近 1 年,-0.54%,0.08%,,0.55%,,99.40%,10/13名,12/13名,,12/13名,,11/13名
1719226835906412546,1,交易日,近 2 年,-0.54%,0.24%,,0.53%,3.03%,99.77%,,,,,,
1719226835906412546,1,交易日,近 3 年,-0.54%,0.24%,,0.53%,3.03%,99.77%,,,,,,
1719226835906412546,1,交易日,近 5 年,-0.54%,0.24%,,0.53%,3.03%,99.77%,,,,,,
1719226835906412546,1,交易日,今年以来,-0.54%,0.09%,,0.61%,,99.28%,10/13名,12/13名,,12/13名,,12/13名
1719226835906412546,1,交易日,成立以来,-0.54%,0.24%,,0.53%,3.03%,99.77%,4/4名,1/4名,,4/4名,4/4名,1/4名
1719243598643675138,1,交易日,近 1 年,-0.00%,0.00%,,0.03%,,100.00%,11/13名,8/13名,,8/13名,,1/13名
1719243598643675138,1,交易日,近 2 年,-13.03%,12.13%,35天,8.32%,17.53%,90.25%,,,,,,
1719243598643675138,1,交易日,近 3 年,-13.03%,12.13%,35天,8.32%,17.53%,90.25%,,,,,,
1719243598643675138,1,交易日,近 5 年,-13.03%,12.13%,35天,8.32%,17.53%,90.25%,,,,,,
1719243598643675138,1,交易日,今年以来,-0.00%,0.01%,,0.04%,,100.00%,11/13名,8/13名,,8/13名,,1/13名
1719243598643675138,1,交易日,成立以来,-13.03%,12.13%,35天,8.32%,17.53%,90.25%,2/8名,6/8名,1/8名,8/8名,7/8名,6/8名
1721432010161164289,1,交易日,近 1 年,-0.00%,0.00%,,0.00%,,100.00%,18/87名,11/87名,,1/87名,,1/87名
1721432010161164289,1,交易日,近 2 年,-0.00%,0.00%,,0.00%,,100.00%,16/82名,11/82名,,1/82名,,1/82名
1721432010161164289,1,交易日,近 3 年,-18.76%,-0.04%,,11.11%,,100.00%,5/82名,2/82名,,77/82名,,1/82名
1721432010161164289,1,交易日,近 5 年,-19.98%,2.15%,,9.32%,38.63%,97.83%,,,,,,
1721432010161164289,1,交易日,今年以来,-0.00%,0.00%,,0.00%,,100.00%,29/99名,5/99名,,1/99名,,1/99名
1721432010161164289,1,交易日,成立以来,-19.98%,2.15%,,9.32%,38.63%,97.83%,5/20名,11/20名,,15/20名,10/20名,11/20名
1721440087249817601,1,交易日,近 1 年,-0.00%,0.00%,,0.00%,,100.00%,18/87名,11/87名,,1/87名,,1/87名
1721440087249817601,1,交易日,近 2 年,-0.00%,0.00%,,0.00%,,100.00%,16/82名,11/82名,,1/82名,,1/82名
1721440087249817601,1,交易日,近 3 年,-60.66%,-0.14%,,35.92%,,100.00%,2/82名,1/82名,,81/82名,,1/82名
1721440087249817601,1,交易日,近 5 年,-62.60%,11.01%,,30.44%,131.52%,90.09%,,,,,,
1721440087249817601,1,交易日,今年以来,-0.00%,0.00%,,0.00%,,100.00%,29/99名,5/99名,,1/99名,,1/99名
1721440087249817601,1,交易日,成立以来,-62.60%,11.01%,,30.44%,131.52%,90.09%,3/20名,14/20名,,19/20名,11/20名,14/20名
1721465566337994753,1,交易日,近 1 年,-0.00%,0.00%,,0.00%,,100.00%,18/87名,11/87名,,1/87名,,1/87名
1721465566337994753,1,交易日,近 2 年,-0.00%,0.00%,,0.00%,,100.00%,16/82名,11/82名,,1/82名,,1/82名
1721465566337994753,1,交易日,近 3 年,-12.30%,-0.03%,,7.28%,,100.00%,8/82名,3/82名,,76/82名,,1/82名
1721465566337994753,1,交易日,近 5 年,-12.88%,0.45%,,6.08%,24.82%,99.48%,,,,,,
1721465566337994753,1,交易日,今年以来,-0.00%,0.00%,,0.00%,,100.00%,29/99名,5/99名,,1/99名,,1/99名
1721465566337994753,1,交易日,成立以来,-12.88%,0.45%,,6.08%,24.82%,99.48%,11/21名,11/21名,,12/21名,9/21名,11/21名
1730044009336094722,1,交易日,近 1 年,-0.00%,0.00%,,0.00%,,100.00%,18/87名,11/87名,,1/87名,,1/87名
1730044009336094722,1,交易日,近 2 年,-0.00%,0.00%,,0.00%,,100.00%,16/82名,11/82名,,1/82名,,1/82名
1730044009336094722,1,交易日,近 3 年,-99.00%,0.00%,,0.00%,,100.00%,1/82名,14/82名,,1/82名,,1/82名
1730044009336094722,1,交易日,近 5 年,-99.00%,13.80%,62天,6.82%,16.89%,89.63%,1/2名,1/2名,1/2名,1/2名,1/2名,1/2名
1730044009336094722,1,交易日,今年以来,-0.00%,0.00%,,0.00%,,100.00%,29/99名,5/99名,,1/99名,,1/99名
1730044009336094722,1,交易日,成立以来,-99.00%,10.08%,62天,6.14%,16.89%,91.95%,1/2名,1/2名,1/2名,1/2名,1/2名,1/2名
1733070253453398017,1,交易日,近 1 年,,,,,,,,,,,,
1733070253453398017,1,交易日,近 2 年,,,,,,,,,,,,
1733070253453398017,1,交易日,近 3 年,,,,,,,,,,,,
1733070253453398017,1,交易日,近 5 年,,,,,,,,,,,,
1733070253453398017,1,交易日,今年以来,,,,,,,,,,,,
1733070253453398017,1,交易日,成立以来,,,,,,,,,,,,
1733070534534680577,1,交易日,近 1 年,-0.00%,0.00%,,0.00%,,100.00%,18/87名,11/87名,,1/87名,,1/87名
1733070534534680577,1,交易日,近 2 年,-0.00%,0.00%,,0.00%,,100.00%,16/82名,11/82名,,1/82名,,1/82名
1733070534534680577,1,交易日,近 3 年,-1.82%,0.12%,,1.07%,,99.30%,9/82名,78/82名,,75/82名,,78/82名
1733070534534680577,1,交易日,近 5 年,-6.43%,6.35%,56天,4.13%,10.17%,96.47%,,,,,,
1733070534534680577,1,交易日,今年以来,-0.00%,0.00%,,0.00%,,100.00%,29/99名,5/99名,,1/99名,,1/99名
1733070534534680577,1,交易日,成立以来,-6.43%,6.35%,56天,4.13%,10.17%,96.47%,12/25名,16/25名,1/25名,14/25名,5/25名,16/25名
1743257550878588929,1,交易日,近 1 年,-0.00%,0.00%,,0.00%,,100.00%,18/87名,11/87名,,1/87名,,1/87名
1743257550878588929,1,交易日,近 2 年,-0.00%,0.00%,,0.00%,,100.00%,16/82名,11/82名,,1/82名,,1/82名
1743257550878588929,1,交易日,近 3 年,-0.00%,0.00%,,0.00%,,100.00%,21/82名,14/82名,,1/82名,,1/82名
1743257550878588929,1,交易日,近 5 年,-19.71%,17.24%,,6.76%,9.42%,83.01%,,,,,,
1743257550878588929,1,交易日,今年以来,-0.00%,0.00%,,0.00%,,100.00%,29/99名,5/99名,,1/99名,,1/99名
1743257550878588929,1,交易日,成立以来,-19.71%,17.24%,,6.76%,9.42%,83.01%,6/20名,16/20名,,13/20名,3/20名,16/20名
1748196797771333633,1,交易日,近 1 年,,,,,,,,,,,,
1748196797771333633,1,交易日,近 2 年,,,,,,,,,,,,
1748196797771333633,1,交易日,近 3 年,,,,,,,,,,,,
1748196797771333633,1,交易日,近 5 年,,,,,,,,,,,,
1748196797771333633,1,交易日,今年以来,,,,,,,,,,,,
1748196797771333633,1,交易日,成立以来,,,,,,,,,,,,
1773995970223316993,1,交易日,近 1 年,-0.00%,0.00%,,0.00%,,100.00%,18/87名,11/87名,,1/87名,,1/87名
1773995970223316993,1,交易日,近 2 年,-0.00%,0.00%,,0.00%,,100.00%,16/82名,11/82名,,1/82名,,1/82名
1773995970223316993,1,交易日,近 3 年,-0.00%,0.00%,,0.00%,,100.00%,21/82名,14/82名,,1/82名,,1/82名
1773995970223316993,1,交易日,近 5 年,-1.77%,1.13%,35天,0.89%,1.21%,98.93%,,,,,,
1773995970223316993,1,交易日,今年以来,-0.00%,0.00%,,0.00%,,100.00%,29/99名,5/99名,,1/99名,,1/99名
1773995970223316993,1,交易日,成立以来,-1.77%,1.13%,35天,0.89%,1.21%,98.93%,63/80名,24/80名,23/80名,18/80名,2/80名,19/80名
1774004032690630657,1,交易日,近 1 年,-0.00%,0.00%,,0.00%,,100.00%,18/87名,11/87名,,1/87名,,1/87名
1774004032690630657,1,交易日,近 2 年,-0.00%,0.00%,,0.00%,,100.00%,16/82名,11/82名,,1/82名,,1/82名
1774004032690630657,1,交易日,近 3 年,-0.00%,0.00%,,0.00%,,100.00%,21/82名,14/82名,,1/82名,,1/82名
1774004032690630657,1,交易日,近 5 年,-19.71%,17.24%,,6.76%,9.42%,83.01%,,,,,,
1774004032690630657,1,交易日,今年以来,-0.00%,0.00%,,0.00%,,100.00%,29/99名,5/99名,,1/99名,,1/99名
1774004032690630657,1,交易日,成立以来,-19.71%,17.24%,,6.76%,9.42%,83.01%,6/20名,17/20名,,14/20名,4/20名,17/20名
17S058,1,交易日,近 1 年,,,,,,,,,,,,
17S058,1,交易日,近 2 年,,,,,,,,,,,,
17S058,1,交易日,近 3 年,,,,,,,,,,,,
17S058,1,交易日,近 5 年,,,,,,,,,,,,
17S058,1,交易日,今年以来,,,,,,,,,,,,
17S058,1,交易日,成立以来,,,,,,,,,,,,
1806166063367499778,1,交易日,近 1 年,,,,,,,,,,,,
1806166063367499778,1,交易日,近 2 年,,,,,,,,,,,,
1806166063367499778,1,交易日,近 3 年,,,,,,,,,,,,
1806166063367499778,1,交易日,近 5 年,,,,,,,,,,,,
1806166063367499778,1,交易日,今年以来,,,,,,,,,,,,
1806166063367499778,1,交易日,成立以来,,,,,,,,,,,,
1806249040231444481,1,交易日,近 1 年,-0.00%,0.00%,,0.00%,,100.00%,18/87名,11/87名,,1/87名,,1/87名
1806249040231444481,1,交易日,近 2 年,-0.00%,0.00%,,0.00%,,100.00%,16/82名,11/82名,,1/82名,,1/82名
1806249040231444481,1,交易日,近 3 年,-0.00%,0.00%,,0.00%,,100.00%,21/82名,14/82名,,1/82名,,1/82名
1806249040231444481,1,交易日,近 5 年,-13.21%,7.78%,,4.43%,5.24%,91.52%,,,,,,
1806249040231444481,1,交易日,今年以来,-0.00%,0.00%,,0.00%,,100.00%,29/99名,5/99名,,1/99名,,1/99名
1806249040231444481,1,交易日,成立以来,-13.21%,7.78%,,4.43%,5.24%,91.52%,10/20名,12/20名,,11/20名,2/20名,13/20名
1815279623884419073,1,交易日,近 1 年,,,,,,,,,,,,
1815279623884419073,1,交易日,近 2 年,,,,,,,,,,,,
1815279623884419073,1,交易日,近 3 年,,,,,,,,,,,,
1815279623884419073,1,交易日,近 5 年,,,,,,,,,,,,
1815279623884419073,1,交易日,今年以来,,,,,,,,,,,,
1815279623884419073,1,交易日,成立以来,,,,,,,,,,,,
1815279836606935041,1,交易日,近 1 年,,,,,,,,,,,,
1815279836606935041,1,交易日,近 2 年,,,,,,,,,,,,
1815279836606935041,1,交易日,近 3 年,,,,,,,,,,,,
1815279836606935041,1,交易日,近 5 年,,,,,,,,,,,,
1815279836606935041,1,交易日,今年以来,,,,,,,,,,,,
1815279836606935041,1,交易日,成立以来,,,,,,,,,,,,
1815565743444635649,1,交易日,近 1 年,,,,,,,,,,,,
1815565743444635649,1,交易日,近 2 年,,,,,,,,,,,,
1815565743444635649,1,交易日,近 3 年,,,,,,,,,,,,
1815565743444635649,1,交易日,近 5 年,,,,,,,,,,,,
1815565743444635649,1,交易日,今年以来,,,,,,,,,,,,
1815565743444635649,1,交易日,成立以来,,,,,,,,,,,,
1815567237682212866,1,交易日,近 1 年,,,,,,,,,,,,
1815567237682212866,1,交易日,近 2 年,,,,,,,,,,,,
1815567237682212866,1,交易日,近 3 年,,,,,,,,,,,,
1815567237682212866,1,交易日,近 5 年,,,,,,,,,,,,
1815567237682212866,1,交易日,今年以来,,,,,,,,,,,,
1815567237682212866,1,交易日,成立以来,,,,,,,,,,,,
1815633717572579330,1,交易日,近 1 年,,,,,,,,,,,,
1815633717572579330,1,交易日,近 2 年,,,,,,,,,,,,
1815633717572579330,1,交易日,近 3 年,,,,,,,,,,,,
1815633717572579330,1,交易日,近 5 年,,,,,,,,,,,,
1815633717572579330,1,交易日,今年以来,,,,,,,,,,,,
1815633717572579330,1,交易日,成立以来,,,,,,,,,,,,
1815633981897617409,1,交易日,近 1 年,,,,,,,,,,,,
1815633981897617409,1,交易日,近 2 年,,,,,,,,,,,,
1815633981897617409,1,交易日,近 3 年,,,,,,,,,,,,
1815633981897617409,1,交易日,近 5 年,,,,,,,,,,,,
1815633981897617409,1,交易日,今年以来,,,,,,,,,,,,
1815633981897617409,1,交易日,成立以来,,,,,,,,,,,,
1820700655814356993,1,交易日,近 1 年,-0.00%,0.00%,,0.00%,,100.00%,18/87名,11/87名,,1/87名,,1/87名
1820700655814356993,1,交易日,近 2 年,-0.00%,0.00%,,0.00%,,100.00%,16/82名,11/82名,,1/82名,,1/82名
1820700655814356993,1,交易日,近 3 年,-0.00%,0.00%,,0.00%,,100.00%,21/82名,14/82名,,1/82名,,1/82名
1820700655814356993,1,交易日,近 5 年,-26.41%,16.95%,,9.56%,11.28%,81.92%,,,,,,
1820700655814356993,1,交易日,今年以来,-0.00%,0.00%,,0.00%,,100.00%,29/99名,5/99名,,1/99名,,1/99名
1820700655814356993,1,交易日,成立以来,-26.41%,16.95%,,9.56%,11.28%,81.92%,4/20名,15/20名,,16/20名,5/20名,18/20名
1856978585972289538,1,交易日,近 1 年,-0.00%,0.00%,,0.00%,,100.00%,18/87名,11/87名,,1/87名,,1/87名
1856978585972289538,1,交易日,近 2 年,-0.00%,0.00%,,0.00%,,100.00%,16/82名,11/82名,,1/82名,,1/82名
1856978585972289538,1,交易日,近 3 年,-0.00%,0.00%,,0.00%,,100.00%,21/82名,14/82名,,1/82名,,1/82名
1856978585972289538,1,交易日,近 5 年,-0.00%,0.00%,,0.00%,,100.00%,,,,,,
1856978585972289538,1,交易日,今年以来,-0.00%,0.00%,,0.00%,,100.00%,29/99名,5/99名,,1/99名,,1/99名
1856978585972289538,1,交易日,成立以来,-0.00%,0.00%,,0.00%,,100.00%,66/82名,7/82名,,1/82名,,1/82名
1902259859217362945,1,交易日,近 1 年,,,,,,,,,,,,
1902259859217362945,1,交易日,近 2 年,,,,,,,,,,,,
1902259859217362945,1,交易日,近 3 年,,,,,,,,,,,,
1902259859217362945,1,交易日,近 5 年,,,,,,,,,,,,
1902259859217362945,1,交易日,今年以来,,,,,,,,,,,,
1902259859217362945,1,交易日,成立以来,,,,,,,,,,,,
1904440877445722114,1,交易日,近 1 年,-0.00%,0.00%,,0.00%,,100.00%,18/87名,11/87名,,1/87名,,1/87名
1904440877445722114,1,交易日,近 2 年,-0.00%,0.00%,,0.00%,,100.00%,,,,,,
1904440877445722114,1,交易日,近 3 年,-0.00%,0.00%,,0.00%,,100.00%,,,,,,
1904440877445722114,1,交易日,近 5 年,-0.00%,0.00%,,0.00%,,100.00%,,,,,,
1904440877445722114,1,交易日,今年以来,-0.00%,0.00%,,0.00%,,100.00%,29/99名,5/99名,,1/99名,,1/99名
1904440877445722114,1,交易日,成立以来,-0.00%,0.00%,,0.00%,,100.00%,68/87名,7/87名,,1/87名,,1/87名
1905164837959413761,1,交易日,近 1 年,-0.00%,0.00%,,0.00%,,100.00%,18/87名,11/87名,,1/87名,,1/87名
1905164837959413761,1,交易日,近 2 年,-0.00%,0.00%,,0.00%,,100.00%,,,,,,
1905164837959413761,1,交易日,近 3 年,-0.00%,0.00%,,0.00%,,100.00%,,,,,,
1905164837959413761,1,交易日,近 5 年,-0.00%,0.00%,,0.00%,,100.00%,,,,,,
1905164837959413761,1,交易日,今年以来,-0.00%,0.00%,,0.00%,,100.00%,29/99名,5/99名,,1/99名,,1/99名
1905164837959413761,1,交易日,成立以来,-0.00%,0.00%,,0.00%,,100.00%,68/86名,7/86名,,1/86名,,1/86名
1905165111449006082,1,交易日,近 1 年,-0.00%,0.00%,,0.00%,,100.00%,18/87名,11/87名,,1/87名,,1/87名
1905165111449006082,1,交易日,近 2 年,-0.00%,0.00%,,0.00%,,100.00%,,,,,,
1905165111449006082,1,交易日,近 3 年,-0.00%,0.00%,,0.00%,,100.00%,,,,,,
1905165111449006082,1,交易日,近 5 年,-0.00%,0.00%,,0.00%,,100.00%,,,,,,
1905165111449006082,1,交易日,今年以来,-0.00%,0.00%,,0.00%,,100.00%,29/99名,5/99名,,1/99名,,1/99名
1905165111449006082,1,交易日,成立以来,-0.00%,0.00%,,0.00%,,100.00%,67/84名,7/84名,,1/84名,,1/84名
1909125025468952578,1,交易日,近 1 年,-0.00%,0.00%,,0.00%,,100.00%,18/87名,11/87名,,1/87名,,1/87名
1909125025468952578,1,交易日,近 2 年,-0.00%,0.00%,,0.00%,,100.00%,16/82名,11/82名,,1/82名,,1/82名
1909125025468952578,1,交易日,近 3 年,-0.00%,0.00%,,0.00%,,100.00%,21/82名,14/82名,,1/82名,,1/82名
1909125025468952578,1,交易日,近 5 年,-0.88%,-0.16%,,0.44%,0.54%,99.50%,,,,,,
1909125025468952578,1,交易日,今年以来,-0.00%,0.00%,,0.00%,,100.00%,29/99名,5/99名,,1/99名,,1/99名
1909125025468952578,1,交易日,成立以来,-0.88%,-0.16%,,0.44%,0.54%,99.50%,11/20名,1/20名,,10/20名,1/20名,10/20名
1910147156185100290,1,交易日,近 1 年,-0.00%,0.00%,,0.00%,,100.00%,18/87名,11/87名,,1/87名,,1/87名
1910147156185100290,1,交易日,近 2 年,-0.00%,0.00%,,0.00%,,100.00%,16/82名,11/82名,,1/82名,,1/82名
1910147156185100290,1,交易日,近 3 年,-0.00%,0.00%,,0.00%,,100.00%,21/82名,14/82名,,1/82名,,1/82名
1910147156185100290,1,交易日,近 5 年,-76.52%,-6.08%,,67.47%,198.49%,85.08%,,,,,,
1910147156185100290,1,交易日,今年以来,-0.00%,0.00%,,0.00%,,100.00%,29/99名,5/99名,,1/99名,,1/99名
1910147156185100290,1,交易日,成立以来,-76.52%,-6.08%,,67.47%,198.49%,85.08%,44/79名,1/79名,,29/79名,25/79名,30/79名
1910232631830818817,1,交易日,近 1 年,-0.00%,0.00%,,0.00%,,100.00%,18/87名,11/87名,,1/87名,,1/87名
1910232631830818817,1,交易日,近 2 年,-0.00%,0.00%,,0.00%,,100.00%,16/82名,11/82名,,1/82名,,1/82名
1910232631830818817,1,交易日,近 3 年,-0.00%,0.00%,,0.00%,,100.00%,21/82名,14/82名,,1/82名,,1/82名
1910232631830818817,1,交易日,近 5 年,-76.52%,-6.08%,,67.47%,198.49%,85.08%,,,,,,
1910232631830818817,1,交易日,今年以来,-0.00%,0.00%,,0.00%,,100.00%,29/99名,5/99名,,1/99名,,1/99名
1910232631830818817,1,交易日,成立以来,-76.52%,-6.08%,,67.47%,198.49%,85.08%,44/79名,1/79名,,29/79名,25/79名,30/79名
1910234879856128002,1,交易日,近 1 年,-0.00%,0.00%,,0.00%,,100.00%,18/87名,11/87名,,1/87名,,1/87名
1910234879856128002,1,交易日,近 2 年,-0.00%,0.00%,,0.00%,,100.00%,16/82名,11/82名,,1/82名,,1/82名
1910234879856128002,1,交易日,近 3 年,-0.00%,0.00%,,0.00%,,100.00%,21/82名,14/82名,,1/82名,,1/82名
1910234879856128002,1,交易日,近 5 年,-76.52%,-6.08%,,67.47%,198.49%,85.08%,,,,,,
1910234879856128002,1,交易日,今年以来,-0.00%,0.00%,,0.00%,,100.00%,29/99名,5/99名,,1/99名,,1/99名
1910234879856128002,1,交易日,成立以来,-76.52%,-6.08%,,67.47%,198.49%,85.08%,44/79名,1/79名,,29/79名,25/79名,30/79名
1910241804190658561,1,交易日,近 1 年,-0.00%,0.00%,,0.00%,,100.00%,18/87名,11/87名,,1/87名,,1/87名
1910241804190658561,1,交易日,近 2 年,-0.00%,0.00%,,0.00%,,100.00%,16/82名,11/82名,,1/82名,,1/82名
1910241804190658561,1,交易日,近 3 年,-0.00%,0.00%,,0.00%,,100.00%,21/82名,14/82名,,1/82名,,1/82名
1910241804190658561,1,交易日,近 5 年,-76.52%,-6.08%,,67.47%,198.49%,85.08%,,,,,,
1910241804190658561,1,交易日,今年以来,-0.00%,0.00%,,0.00%,,100.00%,29/99名,5/99名,,1/99名,,1/99名
1910241804190658561,1,交易日,成立以来,-76.52%,-6.08%,,67.47%,198.49%,85.08%,44/79名,1/79名,,29/79名,25/79名,30/79名
1910305124046254082,1,交易日,近 1 年,-0.00%,0.00%,,0.00%,,100.00%,18/87名,11/87名,,1/87名,,1/87名
1910305124046254082,1,交易日,近 2 年,-0.00%,0.00%,,0.00%,,100.00%,16/82名,11/82名,,1/82名,,1/82名
1910305124046254082,1,交易日,近 3 年,-0.00%,0.00%,,0.00%,,100.00%,21/82名,14/82名,,1/82名,,1/82名
1910305124046254082,1,交易日,近 5 年,-100.00%,-0.19%,41天,89.06%,258.17%,75.69%,,,,,,
1910305124046254082,1,交易日,今年以来,-0.00%,0.00%,,0.00%,,100.00%,29/99名,5/99名,,1/99名,,1/99名
1910305124046254082,1,交易日,成立以来,-100.00%,-0.19%,41天,89.06%,258.17%,75.69%,16/79名,5/79名,23/79名,46/79名,32/79名,58/79名
1910575672944930817,1,交易日,近 1 年,-0.00%,0.00%,,0.00%,,100.00%,18/87名,11/87名,,1/87名,,1/87名
1910575672944930817,1,交易日,近 2 年,-0.00%,0.00%,,0.00%,,100.00%,16/82名,11/82名,,1/82名,,1/82名
1910575672944930817,1,交易日,近 3 年,-0.00%,0.00%,,0.00%,,100.00%,21/82名,14/82名,,1/82名,,1/82名
1910575672944930817,1,交易日,近 5 年,-99.08%,17.69%,3天,88.25%,259.18%,80.52%,,,,,,
1910575672944930817,1,交易日,今年以来,-0.00%,0.00%,,0.00%,,100.00%,29/99名,5/99名,,1/99名,,1/99名
1910575672944930817,1,交易日,成立以来,-99.08%,17.69%,3天,88.25%,259.18%,80.52%,21/79名,41/79名,2/79名,41/79名,33/79名,45/79名
1910576929017344002,1,交易日,近 1 年,-0.00%,0.00%,,0.00%,,100.00%,18/87名,11/87名,,1/87名,,1/87名
1910576929017344002,1,交易日,近 2 年,-0.00%,0.00%,,0.00%,,100.00%,16/82名,11/82名,,1/82名,,1/82名
1910576929017344002,1,交易日,近 3 年,-0.00%,0.00%,,0.00%,,100.00%,21/82名,14/82名,,1/82名,,1/82名
1910576929017344002,1,交易日,近 5 年,-99.08%,17.69%,3天,88.25%,259.18%,80.52%,,,,,,
1910576929017344002,1,交易日,今年以来,-0.00%,0.00%,,0.00%,,100.00%,29/99名,5/99名,,1/99名,,1/99名
1910576929017344002,1,交易日,成立以来,-99.08%,17.69%,3天,88.25%,259.18%,80.52%,21/79名,41/79名,2/79名,41/79名,33/79名,45/79名
1910601776111988737,1,交易日,近 1 年,-0.00%,0.00%,,0.00%,,100.00%,18/87名,11/87名,,1/87名,,1/87名
1910601776111988737,1,交易日,近 2 年,-0.00%,0.00%,,0.00%,,100.00%,16/82名,11/82名,,1/82名,,1/82名
1910601776111988737,1,交易日,近 3 年,-0.00%,0.00%,,0.00%,,100.00%,21/82名,14/82名,,1/82名,,1/82名
1910601776111988737,1,交易日,近 5 年,-0.00%,0.00%,,0.00%,,100.00%,,,,,,
1910601776111988737,1,交易日,今年以来,-0.00%,0.00%,,0.00%,,100.00%,29/99名,5/99名,,1/99名,,1/99名
1910601776111988737,1,交易日,成立以来,-0.00%,0.00%,,0.00%,,100.00%,12/20名,2/20名,,1/20名,,1/20名
1910601882257240065,1,交易日,近 1 年,-0.00%,0.00%,,0.00%,,100.00%,18/87名,11/87名,,1/87名,,1/87名
1910601882257240065,1,交易日,近 2 年,-0.00%,0.00%,,0.00%,,100.00%,16/82名,11/82名,,1/82名,,1/82名
1910601882257240065,1,交易日,近 3 年,-0.00%,0.00%,,0.00%,,100.00%,21/82名,14/82名,,1/82名,,1/82名
1910601882257240065,1,交易日,近 5 年,-0.00%,0.00%,,0.00%,,100.00%,,,,,,
1910601882257240065,1,交易日,今年以来,-0.00%,0.00%,,0.00%,,100.00%,29/99名,5/99名,,1/99名,,1/99名
1910601882257240065,1,交易日,成立以来,-0.00%,0.00%,,0.00%,,100.00%,12/20名,2/20名,,1/20名,,1/20名
1910602405626687489,1,交易日,近 1 年,-0.00%,0.00%,,0.00%,,100.00%,18/87名,11/87名,,1/87名,,1/87名
1910602405626687489,1,交易日,近 2 年,-0.00%,0.00%,,0.00%,,100.00%,16/82名,11/82名,,1/82名,,1/82名
1910602405626687489,1,交易日,近 3 年,-0.00%,0.00%,,0.00%,,100.00%,21/82名,14/82名,,1/82名,,1/82名
1910602405626687489,1,交易日,近 5 年,-0.00%,0.00%,,0.00%,,100.00%,,,,,,
1910602405626687489,1,交易日,今年以来,-0.00%,0.00%,,0.00%,,100.00%,29/99名,5/99名,,1/99名,,1/99名
1910602405626687489,1,交易日,成立以来,-0.00%,0.00%,,0.00%,,100.00%,12/20名,2/20名,,1/20名,,1/20名
1910602670228549633,1,交易日,近 1 年,-0.00%,0.00%,,0.00%,,100.00%,18/87名,11/87名,,1/87名,,1/87名
1910602670228549633,1,交易日,近 2 年,-0.00%,0.00%,,0.00%,,100.00%,16/82名,11/82名,,1/82名,,1/82名
1910602670228549633,1,交易日,近 3 年,-0.00%,0.00%,,0.00%,,100.00%,21/82名,14/82名,,1/82名,,1/82名
1910602670228549633,1,交易日,近 5 年,-0.00%,0.00%,,0.00%,,100.00%,,,,,,
1910602670228549633,1,交易日,今年以来,-0.00%,0.00%,,0.00%,,100.00%,29/99名,5/99名,,1/99名,,1/99名
1910602670228549633,1,交易日,成立以来,-0.00%,0.00%,,0.00%,,100.00%,13/24名,2/24名,,1/24名,,1/24名
1910602746204172289,1,交易日,近 1 年,-0.00%,0.00%,,0.00%,,100.00%,18/87名,11/87名,,1/87名,,1/87名
1910602746204172289,1,交易日,近 2 年,-0.00%,0.00%,,0.00%,,100.00%,16/82名,11/82名,,1/82名,,1/82名
1910602746204172289,1,交易日,近 3 年,-0.00%,0.00%,,0.00%,,100.00%,21/82名,14/82名,,1/82名,,1/82名
1910602746204172289,1,交易日,近 5 年,-0.00%,0.00%,,0.00%,,100.00%,,,,,,
1910602746204172289,1,交易日,今年以来,-0.00%,0.00%,,0.00%,,100.00%,29/99名,5/99名,,1/99名,,1/99名
1910602746204172289,1,交易日,成立以来,-0.00%,0.00%,,0.00%,,100.00%,13/24名,2/24名,,1/24名,,1/24名
1910608883217510402,1,交易日,近 1 年,-0.00%,0.00%,,0.00%,,100.00%,18/87名,11/87名,,1/87名,,1/87名
1910608883217510402,1,交易日,近 2 年,-0.00%,0.00%,,0.00%,,100.00%,16/82名,11/82名,,1/82名,,1/82名
1910608883217510402,1,交易日,近 3 年,-0.00%,0.00%,,0.00%,,100.00%,21/82名,14/82名,,1/82名,,1/82名
1910608883217510402,1,交易日,近 5 年,-100.00%,18.73%,,87.70%,242.36%,77.87%,,,,,,
1910608883217510402,1,交易日,今年以来,-0.00%,0.00%,,0.00%,,100.00%,29/99名,5/99名,,1/99名,,1/99名
1910608883217510402,1,交易日,成立以来,-100.00%,18.73%,,87.70%,242.36%,77.87%,2/50名,29/50名,,32/50名,14/50名,27/50名
1911618300566220801,1,交易日,近 1 年,-0.00%,0.00%,,0.00%,,100.00%,18/87名,11/87名,,1/87名,,1/87名
1911618300566220801,1,交易日,近 2 年,-0.00%,0.00%,,0.00%,,100.00%,16/82名,11/82名,,1/82名,,1/82名
1911618300566220801,1,交易日,近 3 年,-0.00%,0.00%,,0.00%,,100.00%,21/82名,14/82名,,1/82名,,1/82名
1911618300566220801,1,交易日,近 5 年,-0.00%,0.00%,,0.00%,,100.00%,,,,,,
1911618300566220801,1,交易日,今年以来,-0.00%,0.00%,,0.00%,,100.00%,29/99名,5/99名,,1/99名,,1/99名
1911618300566220801,1,交易日,成立以来,-0.00%,0.00%,,0.00%,,100.00%,14/27名,2/27名,,1/27名,,1/27名
1911618394594127873,1,交易日,近 1 年,-0.00%,0.00%,,0.00%,,100.00%,18/87名,11/87名,,1/87名,,1/87名
1911618394594127873,1,交易日,近 2 年,-0.00%,0.00%,,0.00%,,100.00%,16/82名,11/82名,,1/82名,,1/82名
1911618394594127873,1,交易日,近 3 年,-0.00%,0.00%,,0.00%,,100.00%,21/82名,14/82名,,1/82名,,1/82名
1911618394594127873,1,交易日,近 5 年,-0.00%,0.00%,,0.00%,,100.00%,,,,,,
1911618394594127873,1,交易日,今年以来,-0.00%,0.00%,,0.00%,,100.00%,29/99名,5/99名,,1/99名,,1/99名
1911618394594127873,1,交易日,成立以来,-0.00%,0.00%,,0.00%,,100.00%,14/27名,2/27名,,1/27名,,1/27名
1911618733263204354,1,交易日,近 1 年,-0.00%,0.00%,,0.00%,,100.00%,18/87名,11/87名,,1/87名,,1/87名
1911618733263204354,1,交易日,近 2 年,-0.00%,0.00%,,0.00%,,100.00%,16/82名,11/82名,,1/82名,,1/82名
1911618733263204354,1,交易日,近 3 年,-0.00%,0.00%,,0.00%,,100.00%,21/82名,14/82名,,1/82名,,1/82名
1911618733263204354,1,交易日,近 5 年,-100.00%,23.26%,,87.83%,242.36%,77.87%,,,,,,
1911618733263204354,1,交易日,今年以来,-0.00%,0.00%,,0.00%,,100.00%,29/99名,5/99名,,1/99名,,1/99名
1911618733263204354,1,交易日,成立以来,-100.00%,23.26%,,87.83%,242.36%,77.87%,1/50名,48/50名,,34/50名,16/50名,27/50名
1911619731885043714,1,交易日,近 1 年,,,,,,,,,,,,
1911619731885043714,1,交易日,近 2 年,,,,,,,,,,,,
1911619731885043714,1,交易日,近 3 年,,,,,,,,,,,,
1911619731885043714,1,交易日,近 5 年,,,,,,,,,,,,
1911619731885043714,1,交易日,今年以来,,,,,,,,,,,,
1911619731885043714,1,交易日,成立以来,,,,,,,,,,,,
1911621131243270145,1,交易日,近 1 年,,,,,,,,,,,,
1911621131243270145,1,交易日,近 2 年,,,,,,,,,,,,
1911621131243270145,1,交易日,近 3 年,,,,,,,,,,,,
1911621131243270145,1,交易日,近 5 年,,,,,,,,,,,,
1911621131243270145,1,交易日,今年以来,,,,,,,,,,,,
1911621131243270145,1,交易日,成立以来,,,,,,,,,,,,
1911621335560400898,1,交易日,近 1 年,,,,,,,,,,,,
1911621335560400898,1,交易日,近 2 年,,,,,,,,,,,,
1911621335560400898,1,交易日,近 3 年,,,,,,,,,,,,
1911621335560400898,1,交易日,近 5 年,,,,,,,,,,,,
1911621335560400898,1,交易日,今年以来,,,,,,,,,,,,
1911621335560400898,1,交易日,成立以来,,,,,,,,,,,,
1911621974478729217,1,交易日,近 1 年,,,,,,,,,,,,
1911621974478729217,1,交易日,近 2 年,,,,,,,,,,,,
1911621974478729217,1,交易日,近 3 年,,,,,,,,,,,,
1911621974478729217,1,交易日,近 5 年,,,,,,,,,,,,
1911621974478729217,1,交易日,今年以来,,,,,,,,,,,,
1911621974478729217,1,交易日,成立以来,,,,,,,,,,,,
1911660362036588545,1,交易日,近 1 年,-0.00%,-0.00%,,0.00%,0.00%,100.00%,10/87名,4/87名,,71/87名,1/87名,72/87名
1911660362036588545,1,交易日,近 2 年,-0.00%,-0.00%,,0.00%,0.00%,100.00%,5/82名,4/82名,,68/82名,1/82名,69/82名
1911660362036588545,1,交易日,近 3 年,-0.00%,-0.00%,,0.00%,0.00%,100.00%,10/82名,7/82名,,64/82名,1/82名,68/82名
1911660362036588545,1,交易日,近 5 年,-100.00%,19.74%,4天,89.22%,94.21%,83.57%,,,,,,
1911660362036588545,1,交易日,今年以来,-0.00%,0.00%,,0.00%,0.00%,100.00%,18/99名,76/99名,,73/99名,2/99名,76/99名
1911660362036588545,1,交易日,成立以来,-100.00%,19.74%,4天,89.22%,94.21%,83.57%,4/79名,46/79名,8/79名,47/79名,14/79名,35/79名
1911660842427002882,1,交易日,近 1 年,-0.00%,0.00%,,0.00%,,100.00%,18/87名,11/87名,,1/87名,,1/87名
1911660842427002882,1,交易日,近 2 年,-0.00%,0.00%,,0.00%,,100.00%,16/82名,11/82名,,1/82名,,1/82名
1911660842427002882,1,交易日,近 3 年,-0.00%,0.00%,,0.00%,,100.00%,21/82名,14/82名,,1/82名,,1/82名
1911660842427002882,1,交易日,近 5 年,-0.00%,0.00%,,0.00%,,100.00%,,,,,,
1911660842427002882,1,交易日,今年以来,-0.00%,0.00%,,0.00%,,100.00%,29/99名,5/99名,,1/99名,,1/99名
1911660842427002882,1,交易日,成立以来,-0.00%,0.00%,,0.00%,,100.00%,13/24名,2/24名,,1/24名,,1/24名
1911661214491127810,1,交易日,近 1 年,-0.00%,-0.00%,,0.00%,0.00%,100.00%,10/87名,4/87名,,71/87名,1/87名,72/87名
1911661214491127810,1,交易日,近 2 年,-0.00%,-0.00%,,0.00%,0.00%,100.00%,5/82名,4/82名,,68/82名,1/82名,69/82名
1911661214491127810,1,交易日,近 3 年,-0.00%,-0.00%,,0.00%,0.00%,100.00%,10/82名,7/82名,,64/82名,1/82名,68/82名
1911661214491127810,1,交易日,近 5 年,-100.00%,19.74%,4天,89.22%,94.21%,83.57%,,,,,,
1911661214491127810,1,交易日,今年以来,-0.00%,0.00%,,0.00%,0.00%,100.00%,18/99名,76/99名,,73/99名,2/99名,76/99名
1911661214491127810,1,交易日,成立以来,-100.00%,19.74%,4天,89.22%,94.21%,83.57%,4/79名,46/79名,8/79名,47/79名,14/79名,35/79名
1911661366303961089,1,交易日,近 1 年,-0.00%,-0.00%,,0.00%,0.00%,100.00%,10/87名,4/87名,,71/87名,1/87名,72/87名
1911661366303961089,1,交易日,近 2 年,-0.00%,-0.00%,,0.00%,0.00%,100.00%,5/82名,4/82名,,68/82名,1/82名,69/82名
1911661366303961089,1,交易日,近 3 年,-0.00%,-0.00%,,0.00%,0.00%,100.00%,10/82名,7/82名,,64/82名,1/82名,68/82名
1911661366303961089,1,交易日,近 5 年,-100.00%,19.74%,4天,89.22%,94.21%,83.57%,,,,,,
1911661366303961089,1,交易日,今年以来,-0.00%,0.00%,,0.00%,0.00%,100.00%,18/99名,76/99名,,73/99名,2/99名,76/99名
1911661366303961089,1,交易日,成立以来,-100.00%,19.74%,4天,89.22%,94.21%,83.57%,4/79名,46/79名,8/79名,47/79名,14/79名,35/79名
1911661519580606465,1,交易日,近 1 年,-0.00%,-0.00%,,0.00%,0.00%,100.00%,10/87名,4/87名,,71/87名,1/87名,72/87名
1911661519580606465,1,交易日,近 2 年,-0.00%,-0.00%,,0.00%,0.00%,100.00%,5/82名,4/82名,,68/82名,1/82名,69/82名
1911661519580606465,1,交易日,近 3 年,-0.00%,-0.00%,,0.00%,0.00%,100.00%,10/82名,7/82名,,64/82名,1/82名,68/82名
1911661519580606465,1,交易日,近 5 年,-100.00%,19.74%,4天,89.22%,94.21%,83.57%,,,,,,
1911661519580606465,1,交易日,今年以来,-0.00%,0.00%,,0.00%,0.00%,100.00%,18/99名,76/99名,,73/99名,2/99名,76/99名
1911661519580606465,1,交易日,成立以来,-100.00%,19.74%,4天,89.22%,94.21%,83.57%,4/79名,46/79名,8/79名,47/79名,14/79名,35/79名
1911661669908656130,1,交易日,近 1 年,-0.00%,0.00%,,0.00%,,100.00%,18/87名,11/87名,,1/87名,,1/87名
1911661669908656130,1,交易日,近 2 年,-0.00%,0.00%,,0.00%,,100.00%,16/82名,11/82名,,1/82名,,1/82名
1911661669908656130,1,交易日,近 3 年,-0.00%,0.00%,,0.00%,,100.00%,21/82名,14/82名,,1/82名,,1/82名
1911661669908656130,1,交易日,近 5 年,-99.08%,22.88%,3天,88.39%,259.18%,80.52%,,,,,,
1911661669908656130,1,交易日,今年以来,-0.00%,0.00%,,0.00%,,100.00%,29/99名,5/99名,,1/99名,,1/99名
1911661669908656130,1,交易日,成立以来,-99.08%,22.88%,3天,88.39%,259.18%,80.52%,21/79名,70/79名,2/79名,43/79名,33/79名,45/79名
1911661855137509377,1,交易日,近 1 年,-0.00%,0.00%,,0.00%,,100.00%,18/87名,11/87名,,1/87名,,1/87名
1911661855137509377,1,交易日,近 2 年,-0.00%,0.00%,,0.00%,,100.00%,16/82名,11/82名,,1/82名,,1/82名
1911661855137509377,1,交易日,近 3 年,-0.00%,0.00%,,0.00%,,100.00%,21/82名,14/82名,,1/82名,,1/82名
1911661855137509377,1,交易日,近 5 年,-99.08%,22.88%,3天,88.39%,259.18%,80.52%,,,,,,
1911661855137509377,1,交易日,今年以来,-0.00%,0.00%,,0.00%,,100.00%,29/99名,5/99名,,1/99名,,1/99名
1911661855137509377,1,交易日,成立以来,-99.08%,22.88%,3天,88.39%,259.18%,80.52%,21/79名,70/79名,2/79名,43/79名,33/79名,45/79名
1911663792511692801,1,交易日,近 1 年,-0.00%,0.00%,,0.00%,,100.00%,18/87名,11/87名,,1/87名,,1/87名
1911663792511692801,1,交易日,近 2 年,-0.00%,0.00%,,0.00%,,100.00%,16/82名,11/82名,,1/82名,,1/82名
1911663792511692801,1,交易日,近 3 年,-0.00%,0.00%,,0.00%,,100.00%,21/82名,14/82名,,1/82名,,1/82名
1911663792511692801,1,交易日,近 5 年,-99.08%,22.88%,3天,88.39%,259.18%,80.52%,,,,,,
1911663792511692801,1,交易日,今年以来,-0.00%,0.00%,,0.00%,,100.00%,29/99名,5/99名,,1/99名,,1/99名
1911663792511692801,1,交易日,成立以来,-99.08%,22.88%,3天,88.39%,259.18%,80.52%,21/79名,70/79名,2/79名,43/79名,33/79名,45/79名
1911664596488466434,1,交易日,近 1 年,-0.00%,0.00%,,0.00%,,100.00%,18/87名,11/87名,,1/87名,,1/87名
1911664596488466434,1,交易日,近 2 年,-0.00%,0.00%,,0.00%,,100.00%,16/82名,11/82名,,1/82名,,1/82名
1911664596488466434,1,交易日,近 3 年,-0.00%,0.00%,,0.00%,,100.00%,21/82名,14/82名,,1/82名,,1/82名
1911664596488466434,1,交易日,近 5 年,-0.00%,0.00%,,0.00%,,100.00%,,,,,,
1911664596488466434,1,交易日,今年以来,-0.00%,0.00%,,0.00%,,100.00%,29/99名,5/99名,,1/99名,,1/99名
1911664596488466434,1,交易日,成立以来,-0.00%,0.00%,,0.00%,,100.00%,12/20名,2/20名,,1/20名,,1/20名
1911664934285127681,1,交易日,近 1 年,-0.00%,0.00%,,0.00%,,100.00%,18/87名,11/87名,,1/87名,,1/87名
1911664934285127681,1,交易日,近 2 年,-0.00%,0.00%,,0.00%,,100.00%,16/82名,11/82名,,1/82名,,1/82名
1911664934285127681,1,交易日,近 3 年,-0.00%,0.00%,,0.00%,,100.00%,21/82名,14/82名,,1/82名,,1/82名
1911664934285127681,1,交易日,近 5 年,-0.00%,0.00%,,0.00%,,100.00%,,,,,,
1911664934285127681,1,交易日,今年以来,-0.00%,0.00%,,0.00%,,100.00%,29/99名,5/99名,,1/99名,,1/99名
1911664934285127681,1,交易日,成立以来,-0.00%,0.00%,,0.00%,,100.00%,12/20名,2/20名,,1/20名,,1/20名
1911665432014794754,1,交易日,近 1 年,-0.00%,0.00%,,0.00%,,100.00%,18/87名,11/87名,,1/87名,,1/87名
1911665432014794754,1,交易日,近 2 年,-0.00%,0.00%,,0.00%,,100.00%,16/82名,11/82名,,1/82名,,1/82名
1911665432014794754,1,交易日,近 3 年,-0.00%,0.00%,,0.00%,,100.00%,21/82名,14/82名,,1/82名,,1/82名
1911665432014794754,1,交易日,近 5 年,-0.00%,0.00%,,0.00%,,100.00%,,,,,,
1911665432014794754,1,交易日,今年以来,-0.00%,0.00%,,0.00%,,100.00%,29/99名,5/99名,,1/99名,,1/99名
1911665432014794754,1,交易日,成立以来,-0.00%,0.00%,,0.00%,,100.00%,12/20名,2/20名,,1/20名,,1/20名
1911665586964967426,1,交易日,近 1 年,-0.00%,0.00%,,0.00%,,100.00%,18/87名,11/87名,,1/87名,,1/87名
1911665586964967426,1,交易日,近 2 年,-0.00%,0.00%,,0.00%,,100.00%,16/82名,11/82名,,1/82名,,1/82名
1911665586964967426,1,交易日,近 3 年,-0.00%,0.00%,,0.00%,,100.00%,21/82名,14/82名,,1/82名,,1/82名
1911665586964967426,1,交易日,近 5 年,-0.00%,0.00%,,0.00%,,100.00%,,,,,,
1911665586964967426,1,交易日,今年以来,-0.00%,0.00%,,0.00%,,100.00%,29/99名,5/99名,,1/99名,,1/99名
1911665586964967426,1,交易日,成立以来,-0.00%,0.00%,,0.00%,,100.00%,12/20名,2/20名,,1/20名,,1/20名
1911666454716133378,1,交易日,近 1 年,-0.00%,0.00%,,0.00%,,100.00%,18/87名,11/87名,,1/87名,,1/87名
1911666454716133378,1,交易日,近 2 年,-0.00%,0.00%,,0.00%,,100.00%,16/82名,11/82名,,1/82名,,1/82名
1911666454716133378,1,交易日,近 3 年,-0.00%,0.00%,,0.00%,,100.00%,21/82名,14/82名,,1/82名,,1/82名
1911666454716133378,1,交易日,近 5 年,-100.00%,23.89%,4天,89.29%,265.18%,80.45%,,,,,,
1911666454716133378,1,交易日,今年以来,-0.00%,0.00%,,0.00%,,100.00%,29/99名,5/99名,,1/99名,,1/99名
1911666454716133378,1,交易日,成立以来,-100.00%,23.89%,4天,89.29%,265.18%,80.45%,1/79名,75/79名,8/79名,54/79名,38/79名,51/79名
1911667787309428737,1,交易日,近 1 年,-0.00%,0.00%,,0.00%,,100.00%,18/87名,11/87名,,1/87名,,1/87名
1911667787309428737,1,交易日,近 2 年,-0.00%,0.00%,,0.00%,,100.00%,16/82名,11/82名,,1/82名,,1/82名
1911667787309428737,1,交易日,近 3 年,-0.00%,0.00%,,0.00%,,100.00%,21/82名,14/82名,,1/82名,,1/82名
1911667787309428737,1,交易日,近 5 年,-100.00%,23.89%,4天,89.29%,265.18%,80.45%,,,,,,
1911667787309428737,1,交易日,今年以来,-0.00%,0.00%,,0.00%,,100.00%,29/99名,5/99名,,1/99名,,1/99名
1911667787309428737,1,交易日,成立以来,-100.00%,23.89%,4天,89.29%,265.18%,80.45%,1/79名,75/79名,8/79名,54/79名,38/79名,51/79名
1911668290177118210,1,交易日,近 1 年,-0.00%,0.00%,,0.00%,,100.00%,18/87名,11/87名,,1/87名,,1/87名
1911668290177118210,1,交易日,近 2 年,-0.00%,0.00%,,0.00%,,100.00%,16/82名,11/82名,,1/82名,,1/82名
1911668290177118210,1,交易日,近 3 年,-0.00%,0.00%,,0.00%,,100.00%,21/82名,14/82名,,1/82名,,1/82名
1911668290177118210,1,交易日,近 5 年,-0.00%,0.00%,,0.00%,,100.00%,,,,,,
1911668290177118210,1,交易日,今年以来,-0.00%,0.00%,,0.00%,,100.00%,29/99名,5/99名,,1/99名,,1/99名
1911668290177118210,1,交易日,成立以来,-0.00%,0.00%,,0.00%,,100.00%,12/20名,2/20名,,1/20名,,1/20名
1911673853862653954,1,交易日,近 1 年,-0.00%,0.00%,,0.00%,,100.00%,18/87名,11/87名,,1/87名,,1/87名
1911673853862653954,1,交易日,近 2 年,-0.00%,0.00%,,0.00%,,100.00%,16/82名,11/82名,,1/82名,,1/82名
1911673853862653954,1,交易日,近 3 年,-0.00%,0.00%,,0.00%,,100.00%,21/82名,14/82名,,1/82名,,1/82名
1911673853862653954,1,交易日,近 5 年,-100.00%,23.89%,4天,89.29%,265.18%,80.45%,,,,,,
1911673853862653954,1,交易日,今年以来,-0.00%,0.00%,,0.00%,,100.00%,29/99名,5/99名,,1/99名,,1/99名
1911673853862653954,1,交易日,成立以来,-100.00%,23.89%,4天,89.29%,265.18%,80.45%,1/79名,75/79名,8/79名,54/79名,38/79名,51/79名
1911674300157571074,1,交易日,近 1 年,-0.00%,0.00%,,0.00%,,100.00%,18/87名,11/87名,,1/87名,,1/87名
1911674300157571074,1,交易日,近 2 年,-0.00%,0.00%,,0.00%,,100.00%,16/82名,11/82名,,1/82名,,1/82名
1911674300157571074,1,交易日,近 3 年,-0.00%,0.00%,,0.00%,,100.00%,21/82名,14/82名,,1/82名,,1/82名
1911674300157571074,1,交易日,近 5 年,-100.00%,27.13%,4天,89.43%,268.70%,79.10%,,,,,,
1911674300157571074,1,交易日,今年以来,-0.00%,0.00%,,0.00%,,100.00%,29/99名,5/99名,,1/99名,,1/99名
1911674300157571074,1,交易日,成立以来,-100.00%,27.13%,4天,89.43%,268.70%,79.10%,14/79名,78/79名,8/79名,58/79名,41/79名,54/79名
1911676848927059970,1,交易日,近 1 年,-0.00%,0.00%,,0.00%,,100.00%,18/87名,11/87名,,1/87名,,1/87名
1911676848927059970,1,交易日,近 2 年,-0.00%,0.00%,,0.00%,,100.00%,16/82名,11/82名,,1/82名,,1/82名
1911676848927059970,1,交易日,近 3 年,-0.00%,0.00%,,0.00%,,100.00%,21/82名,14/82名,,1/82名,,1/82名
1911676848927059970,1,交易日,近 5 年,-100.00%,23.26%,,87.83%,242.36%,77.87%,,,,,,
1911676848927059970,1,交易日,今年以来,-0.00%,0.00%,,0.00%,,100.00%,29/99名,5/99名,,1/99名,,1/99名
1911676848927059970,1,交易日,成立以来,-100.00%,23.26%,,87.83%,242.36%,77.87%,2/50名,48/50名,,33/50名,14/50名,27/50名
1911677945284571138,1,交易日,近 1 年,-0.00%,0.00%,,0.00%,0.00%,100.00%,17/87名,81/87名,,81/87名,11/87名,71/87名
1911677945284571138,1,交易日,近 2 年,-0.00%,0.00%,,0.00%,0.00%,100.00%,15/82名,78/82名,,78/82名,11/82名,68/82名
1911677945284571138,1,交易日,近 3 年,-0.00%,0.00%,,0.00%,0.00%,100.00%,20/82名,77/82名,,74/82名,11/82名,67/82名
1911677945284571138,1,交易日,近 5 年,-100.00%,18.86%,4天,89.29%,93.89%,85.30%,,,,,,
1911677945284571138,1,交易日,今年以来,-0.00%,-0.00%,,0.00%,0.00%,100.00%,28/99名,1/99名,,72/99名,1/99名,72/99名
1911677945284571138,1,交易日,成立以来,-100.00%,18.86%,4天,89.29%,93.89%,85.30%,15/79名,44/79名,8/79名,57/79名,13/79名,29/79名
1911678790562656258,1,交易日,近 1 年,-0.00%,-0.00%,,0.00%,0.00%,100.00%,10/87名,4/87名,,71/87名,1/87名,72/87名
1911678790562656258,1,交易日,近 2 年,-0.00%,-0.00%,,0.00%,0.00%,100.00%,5/82名,4/82名,,68/82名,1/82名,69/82名
1911678790562656258,1,交易日,近 3 年,-0.00%,-0.00%,,0.00%,0.00%,100.00%,10/82名,7/82名,,64/82名,1/82名,68/82名
1911678790562656258,1,交易日,近 5 年,-100.00%,19.74%,4天,89.22%,94.21%,83.57%,,,,,,
1911678790562656258,1,交易日,今年以来,-0.00%,0.00%,,0.00%,0.00%,100.00%,18/99名,76/99名,,73/99名,2/99名,76/99名
1911678790562656258,1,交易日,成立以来,-100.00%,19.74%,4天,89.22%,94.21%,83.57%,4/79名,46/79名,8/79名,47/79名,14/79名,35/79名
1911678933970104321,1,交易日,近 1 年,-0.00%,-0.00%,,0.00%,0.00%,100.00%,10/87名,4/87名,,71/87名,1/87名,72/87名
1911678933970104321,1,交易日,近 2 年,-0.00%,-0.00%,,0.00%,0.00%,100.00%,5/82名,4/82名,,68/82名,1/82名,69/82名
1911678933970104321,1,交易日,近 3 年,-0.00%,-0.00%,,0.00%,0.00%,100.00%,10/82名,7/82名,,64/82名,1/82名,68/82名
1911678933970104321,1,交易日,近 5 年,-100.00%,19.74%,4天,89.22%,94.21%,83.57%,,,,,,
1911678933970104321,1,交易日,今年以来,-0.00%,0.00%,,0.00%,0.00%,100.00%,18/99名,76/99名,,73/99名,2/99名,76/99名
1911678933970104321,1,交易日,成立以来,-100.00%,19.74%,4天,89.22%,94.21%,83.57%,4/79名,46/79名,8/79名,47/79名,14/79名,35/79名
1911683419023257601,1,交易日,近 1 年,-0.00%,-0.00%,,0.00%,0.00%,100.00%,10/87名,4/87名,,71/87名,1/87名,72/87名
1911683419023257601,1,交易日,近 2 年,-0.00%,-0.00%,,0.00%,0.00%,100.00%,5/82名,4/82名,,68/82名,1/82名,69/82名
1911683419023257601,1,交易日,近 3 年,-0.00%,-0.00%,,0.00%,0.00%,100.00%,10/82名,7/82名,,64/82名,1/82名,68/82名
1911683419023257601,1,交易日,近 5 年,-100.00%,19.74%,4天,89.22%,94.21%,83.57%,,,,,,
1911683419023257601,1,交易日,今年以来,-0.00%,0.00%,,0.00%,0.00%,100.00%,18/99名,76/99名,,73/99名,2/99名,76/99名
1911683419023257601,1,交易日,成立以来,-100.00%,19.74%,4天,89.22%,94.21%,83.57%,4/79名,46/79名,8/79名,47/79名,14/79名,35/79名
1911977913211858946,1,交易日,近 1 年,-0.00%,0.00%,,0.00%,,100.00%,18/87名,11/87名,,1/87名,,1/87名
1911977913211858946,1,交易日,近 2 年,-0.00%,0.00%,,0.00%,,100.00%,16/82名,11/82名,,1/82名,,1/82名
1911977913211858946,1,交易日,近 3 年,-0.00%,0.00%,,0.00%,,100.00%,21/82名,14/82名,,1/82名,,1/82名
1911977913211858946,1,交易日,近 5 年,-0.00%,0.00%,,0.00%,,100.00%,,,,,,
1911977913211858946,1,交易日,今年以来,-0.00%,0.00%,,0.00%,,100.00%,29/99名,5/99名,,1/99名,,1/99名
1911977913211858946,1,交易日,成立以来,-0.00%,0.00%,,0.00%,,100.00%,12/20名,2/20名,,1/20名,,1/20名
1912325957497303042,1,交易日,近 1 年,-0.00%,-0.00%,,0.00%,0.00%,100.00%,7/87名,1/87名,,78/87名,8/87名,79/87名
1912325957497303042,1,交易日,近 2 年,-0.00%,-0.00%,,0.00%,0.00%,100.00%,12/82名,1/82名,,75/82名,8/82名,76/82名
1912325957497303042,1,交易日,近 3 年,-0.00%,-0.00%,,0.00%,0.00%,100.00%,17/82名,4/82名,,71/82名,8/82名,75/82名
1912325957497303042,1,交易日,近 5 年,-100.00%,4.58%,4天,98.81%,99.60%,96.67%,,,,,,
1912325957497303042,1,交易日,今年以来,-0.00%,-0.00%,,0.00%,0.00%,100.00%,18/99名,2/99名,,80/99名,9/99名,73/99名
1912325957497303042,1,交易日,成立以来,-100.00%,4.58%,4天,98.81%,99.60%,96.67%,11/79名,25/79名,8/79名,76/79名,21/79名,20/79名
1912327016240295937,1,交易日,近 1 年,-0.00%,-0.00%,,0.00%,0.00%,100.00%,7/87名,1/87名,,78/87名,8/87名,79/87名
1912327016240295937,1,交易日,近 2 年,-0.00%,-0.00%,,0.00%,0.00%,100.00%,12/82名,1/82名,,75/82名,8/82名,76/82名
1912327016240295937,1,交易日,近 3 年,-0.00%,-0.00%,,0.00%,0.00%,100.00%,17/82名,4/82名,,71/82名,8/82名,75/82名
1912327016240295937,1,交易日,近 5 年,-100.00%,4.58%,4天,98.81%,99.60%,96.67%,,,,,,
1912327016240295937,1,交易日,今年以来,-0.00%,-0.00%,,0.00%,0.00%,100.00%,18/99名,2/99名,,80/99名,9/99名,73/99名
1912327016240295937,1,交易日,成立以来,-100.00%,4.58%,4天,98.81%,99.60%,96.67%,11/79名,25/79名,8/79名,76/79名,21/79名,20/79名
1912328360195960833,1,交易日,近 1 年,-0.00%,-0.00%,,0.00%,0.00%,100.00%,7/87名,1/87名,,78/87名,8/87名,79/87名
1912328360195960833,1,交易日,近 2 年,-0.00%,-0.00%,,0.00%,0.00%,100.00%,12/82名,1/82名,,75/82名,8/82名,76/82名
1912328360195960833,1,交易日,近 3 年,-0.00%,-0.00%,,0.00%,0.00%,100.00%,17/82名,4/82名,,71/82名,8/82名,75/82名
1912328360195960833,1,交易日,近 5 年,-100.00%,4.58%,4天,98.81%,99.60%,96.67%,,,,,,
1912328360195960833,1,交易日,今年以来,-0.00%,-0.00%,,0.00%,0.00%,100.00%,18/99名,2/99名,,80/99名,9/99名,73/99名
1912328360195960833,1,交易日,成立以来,-100.00%,4.58%,4天,98.81%,99.60%,96.67%,11/79名,25/79名,8/79名,76/79名,21/79名,20/79名
1912329082492858370,1,交易日,近 1 年,-0.00%,0.00%,,0.00%,,100.00%,18/87名,11/87名,,1/87名,,1/87名
1912329082492858370,1,交易日,近 2 年,-0.00%,0.00%,,0.00%,,100.00%,16/82名,11/82名,,1/82名,,1/82名
1912329082492858370,1,交易日,近 3 年,-0.00%,0.00%,,0.00%,,100.00%,21/82名,14/82名,,1/82名,,1/82名
1912329082492858370,1,交易日,近 5 年,-0.00%,0.00%,,0.00%,,100.00%,,,,,,
1912329082492858370,1,交易日,今年以来,-0.00%,0.00%,,0.00%,,100.00%,29/99名,5/99名,,1/99名,,1/99名
1912329082492858370,1,交易日,成立以来,-0.00%,0.00%,,0.00%,,100.00%,64/79名,7/79名,,1/79名,,1/79名
1912329706127142913,1,交易日,近 1 年,-0.00%,0.00%,,0.00%,,100.00%,18/87名,11/87名,,1/87名,,1/87名
1912329706127142913,1,交易日,近 2 年,-0.00%,0.00%,,0.00%,,100.00%,16/82名,11/82名,,1/82名,,1/82名
1912329706127142913,1,交易日,近 3 年,-0.00%,0.00%,,0.00%,,100.00%,21/82名,14/82名,,1/82名,,1/82名
1912329706127142913,1,交易日,近 5 年,-0.00%,0.00%,,0.00%,,100.00%,,,,,,
1912329706127142913,1,交易日,今年以来,-0.00%,0.00%,,0.00%,,100.00%,29/99名,5/99名,,1/99名,,1/99名
1912329706127142913,1,交易日,成立以来,-0.00%,0.00%,,0.00%,,100.00%,64/79名,7/79名,,1/79名,,1/79名
1912331410243497985,1,交易日,近 1 年,-0.00%,0.00%,,0.00%,,100.00%,18/87名,11/87名,,1/87名,,1/87名
1912331410243497985,1,交易日,近 2 年,-0.00%,0.00%,,0.00%,,100.00%,16/82名,11/82名,,1/82名,,1/82名
1912331410243497985,1,交易日,近 3 年,-0.00%,0.00%,,0.00%,,100.00%,21/82名,14/82名,,1/82名,,1/82名
1912331410243497985,1,交易日,近 5 年,-99.08%,5.35%,3天,97.90%,551.02%,96.20%,,,,,,
1912331410243497985,1,交易日,今年以来,-0.00%,0.00%,,0.00%,,100.00%,29/99名,5/99名,,1/99名,,1/99名
1912331410243497985,1,交易日,成立以来,-99.08%,5.35%,3天,97.90%,551.02%,96.20%,26/79名,28/79名,2/79名,75/79名,63/79名,24/79名
1912418907745071105,1,交易日,近 1 年,-0.00%,0.00%,,0.00%,,100.00%,18/87名,11/87名,,1/87名,,1/87名
1912418907745071105,1,交易日,近 2 年,-0.00%,0.00%,,0.00%,,100.00%,16/82名,11/82名,,1/82名,,1/82名
1912418907745071105,1,交易日,近 3 年,-0.00%,0.00%,,0.00%,,100.00%,21/82名,14/82名,,1/82名,,1/82名
1912418907745071105,1,交易日,近 5 年,-100.00%,7.27%,3天,98.84%,497.70%,94.56%,,,,,,
1912418907745071105,1,交易日,今年以来,-0.00%,0.00%,,0.00%,,100.00%,29/99名,5/99名,,1/99名,,1/99名
1912418907745071105,1,交易日,成立以来,-100.00%,7.27%,3天,98.84%,497.70%,94.56%,17/79名,30/79名,1/79名,79/79名,62/79名,25/79名
1912778016973565954,1,交易日,近 1 年,-0.00%,0.00%,,0.00%,,100.00%,18/87名,11/87名,,1/87名,,1/87名
1912778016973565954,1,交易日,近 2 年,-0.00%,0.00%,,0.00%,,100.00%,16/82名,11/82名,,1/82名,,1/82名
1912778016973565954,1,交易日,近 3 年,-0.00%,0.00%,,0.00%,,100.00%,21/82名,14/82名,,1/82名,,1/82名
1912778016973565954,1,交易日,近 5 年,-75.00%,16.02%,,72.65%,302.16%,8.78%,,,,,,
1912778016973565954,1,交易日,今年以来,-0.00%,0.00%,,0.00%,,100.00%,29/99名,5/99名,,1/99名,,1/99名
1912778016973565954,1,交易日,成立以来,-75.00%,16.02%,,72.65%,302.16%,8.78%,21/50名,22/50名,,27/50名,17/50名,31/50名
1912780484381945858,1,交易日,近 1 年,-0.00%,0.00%,,0.00%,,100.00%,18/87名,11/87名,,1/87名,,1/87名
1912780484381945858,1,交易日,近 2 年,-0.00%,0.00%,,0.00%,,100.00%,16/82名,11/82名,,1/82名,,1/82名
1912780484381945858,1,交易日,近 3 年,-0.00%,0.00%,,0.00%,,100.00%,21/82名,14/82名,,1/82名,,1/82名
1912780484381945858,1,交易日,近 5 年,-99.00%,21.42%,,96.37%,400.83%,-21.03%,,,,,,
1912780484381945858,1,交易日,今年以来,-0.00%,0.00%,,0.00%,,100.00%,29/99名,5/99名,,1/99名,,1/99名
1912780484381945858,1,交易日,成立以来,-99.00%,21.42%,,96.37%,400.83%,-21.03%,4/50名,32/50名,,35/50名,21/50名,35/50名
1912782034592509953,1,交易日,近 1 年,-0.00%,0.00%,,0.00%,,100.00%,18/87名,11/87名,,1/87名,,1/87名
1912782034592509953,1,交易日,近 2 年,-0.00%,0.00%,,0.00%,,100.00%,16/82名,11/82名,,1/82名,,1/82名
1912782034592509953,1,交易日,近 3 年,-0.00%,0.00%,,0.00%,,100.00%,21/82名,14/82名,,1/82名,,1/82名
1912782034592509953,1,交易日,近 5 年,-99.00%,21.42%,,96.37%,400.83%,-21.03%,,,,,,
1912782034592509953,1,交易日,今年以来,-0.00%,0.00%,,0.00%,,100.00%,29/99名,5/99名,,1/99名,,1/99名
1912782034592509953,1,交易日,成立以来,-99.00%,21.42%,,96.37%,400.83%,-21.03%,4/50名,32/50名,,35/50名,21/50名,35/50名
1912782301744508929,1,交易日,近 1 年,-0.00%,0.00%,,0.00%,,100.00%,18/87名,11/87名,,1/87名,,1/87名
1912782301744508929,1,交易日,近 2 年,-0.00%,0.00%,,0.00%,,100.00%,16/82名,11/82名,,1/82名,,1/82名
1912782301744508929,1,交易日,近 3 年,-0.00%,0.00%,,0.00%,,100.00%,21/82名,14/82名,,1/82名,,1/82名
1912782301744508929,1,交易日,近 5 年,-99.00%,21.42%,,96.37%,400.83%,-21.03%,,,,,,
1912782301744508929,1,交易日,今年以来,-0.00%,0.00%,,0.00%,,100.00%,29/99名,5/99名,,1/99名,,1/99名
1912782301744508929,1,交易日,成立以来,-99.00%,21.42%,,96.37%,400.83%,-21.03%,4/50名,32/50名,,35/50名,21/50名,35/50名
1912786986530418689,1,交易日,近 1 年,-0.00%,0.00%,,0.00%,,100.00%,18/87名,11/87名,,1/87名,,1/87名
1912786986530418689,1,交易日,近 2 年,-0.00%,0.00%,,0.00%,,100.00%,16/82名,11/82名,,1/82名,,1/82名
1912786986530418689,1,交易日,近 3 年,-0.00%,0.00%,,0.00%,,100.00%,21/82名,14/82名,,1/82名,,1/82名
1912786986530418689,1,交易日,近 5 年,-99.00%,21.42%,,96.37%,400.83%,-21.03%,,,,,,
1912786986530418689,1,交易日,今年以来,-0.00%,0.00%,,0.00%,,100.00%,29/99名,5/99名,,1/99名,,1/99名
1912786986530418689,1,交易日,成立以来,-99.00%,21.42%,,96.37%,400.83%,-21.03%,4/50名,32/50名,,35/50名,21/50名,35/50名
1912787024962826242,1,交易日,近 1 年,-0.00%,0.00%,,0.00%,,100.00%,18/87名,11/87名,,1/87名,,1/87名
1912787024962826242,1,交易日,近 2 年,-0.00%,0.00%,,0.00%,,100.00%,16/82名,11/82名,,1/82名,,1/82名
1912787024962826242,1,交易日,近 3 年,-0.00%,0.00%,,0.00%,,100.00%,21/82名,14/82名,,1/82名,,1/82名
1912787024962826242,1,交易日,近 5 年,-99.00%,21.42%,,96.37%,400.83%,-21.03%,,,,,,
1912787024962826242,1,交易日,今年以来,-0.00%,0.00%,,0.00%,,100.00%,29/99名,5/99名,,1/99名,,1/99名
1912787024962826242,1,交易日,成立以来,-99.00%,21.42%,,96.37%,400.83%,-21.03%,4/50名,32/50名,,35/50名,21/50名,35/50名
1912787028012085250,1,交易日,近 1 年,-0.00%,0.00%,,0.00%,,100.00%,18/87名,11/87名,,1/87名,,1/87名
1912787028012085250,1,交易日,近 2 年,-0.00%,0.00%,,0.00%,,100.00%,16/82名,11/82名,,1/82名,,1/82名
1912787028012085250,1,交易日,近 3 年,-0.00%,0.00%,,0.00%,,100.00%,21/82名,14/82名,,1/82名,,1/82名
1912787028012085250,1,交易日,近 5 年,-99.00%,21.42%,,96.37%,400.83%,-21.03%,,,,,,
1912787028012085250,1,交易日,今年以来,-0.00%,0.00%,,0.00%,,100.00%,29/99名,5/99名,,1/99名,,1/99名
1912787028012085250,1,交易日,成立以来,-99.00%,21.42%,,96.37%,400.83%,-21.03%,4/50名,32/50名,,35/50名,21/50名,35/50名
1912787088879824897,1,交易日,近 1 年,-0.00%,0.00%,,0.00%,,100.00%,18/87名,11/87名,,1/87名,,1/87名
1912787088879824897,1,交易日,近 2 年,-0.00%,0.00%,,0.00%,,100.00%,16/82名,11/82名,,1/82名,,1/82名
1912787088879824897,1,交易日,近 3 年,-0.00%,0.00%,,0.00%,,100.00%,21/82名,14/82名,,1/82名,,1/82名
1912787088879824897,1,交易日,近 5 年,-99.00%,21.42%,,96.37%,400.83%,-21.03%,,,,,,
1912787088879824897,1,交易日,今年以来,-0.00%,0.00%,,0.00%,,100.00%,29/99名,5/99名,,1/99名,,1/99名
1912787088879824897,1,交易日,成立以来,-99.00%,21.42%,,96.37%,400.83%,-21.03%,4/50名,32/50名,,35/50名,21/50名,35/50名
1912789437165776897,1,交易日,近 1 年,-0.00%,0.00%,,0.00%,,100.00%,18/87名,11/87名,,1/87名,,1/87名
1912789437165776897,1,交易日,近 2 年,-0.00%,0.00%,,0.00%,,100.00%,16/82名,11/82名,,1/82名,,1/82名
1912789437165776897,1,交易日,近 3 年,-0.00%,0.00%,,0.00%,,100.00%,21/82名,14/82名,,1/82名,,1/82名
1912789437165776897,1,交易日,近 5 年,-99.00%,21.42%,,96.37%,400.83%,-21.03%,,,,,,
1912789437165776897,1,交易日,今年以来,-0.00%,0.00%,,0.00%,,100.00%,29/99名,5/99名,,1/99名,,1/99名
1912789437165776897,1,交易日,成立以来,-99.00%,21.42%,,96.37%,400.83%,-21.03%,4/50名,32/50名,,35/50名,21/50名,35/50名
1912791105156591618,1,交易日,近 1 年,-0.00%,0.00%,,0.00%,,100.00%,18/87名,11/87名,,1/87名,,1/87名
1912791105156591618,1,交易日,近 2 年,-0.00%,0.00%,,0.00%,,100.00%,16/82名,11/82名,,1/82名,,1/82名
1912791105156591618,1,交易日,近 3 年,-0.00%,0.00%,,0.00%,,100.00%,21/82名,14/82名,,1/82名,,1/82名
1912791105156591618,1,交易日,近 5 年,-99.00%,21.42%,,96.37%,400.83%,-21.03%,,,,,,
1912791105156591618,1,交易日,今年以来,-0.00%,0.00%,,0.00%,,100.00%,29/99名,5/99名,,1/99名,,1/99名
1912791105156591618,1,交易日,成立以来,-99.00%,21.42%,,96.37%,400.83%,-21.03%,4/50名,32/50名,,35/50名,21/50名,35/50名
1912791163788767233,1,交易日,近 1 年,-0.00%,0.00%,,0.00%,,100.00%,18/87名,11/87名,,1/87名,,1/87名
1912791163788767233,1,交易日,近 2 年,-0.00%,0.00%,,0.00%,,100.00%,16/82名,11/82名,,1/82名,,1/82名
1912791163788767233,1,交易日,近 3 年,-0.00%,0.00%,,0.00%,,100.00%,21/82名,14/82名,,1/82名,,1/82名
1912791163788767233,1,交易日,近 5 年,-99.00%,21.42%,,96.37%,400.83%,-21.03%,,,,,,
1912791163788767233,1,交易日,今年以来,-0.00%,0.00%,,0.00%,,100.00%,29/99名,5/99名,,1/99名,,1/99名
1912791163788767233,1,交易日,成立以来,-99.00%,21.42%,,96.37%,400.83%,-21.03%,4/50名,32/50名,,35/50名,21/50名,35/50名
1912791393007480834,1,交易日,近 1 年,-0.00%,0.00%,,0.00%,,100.00%,18/87名,11/87名,,1/87名,,1/87名
1912791393007480834,1,交易日,近 2 年,-0.00%,0.00%,,0.00%,,100.00%,16/82名,11/82名,,1/82名,,1/82名
1912791393007480834,1,交易日,近 3 年,-0.00%,0.00%,,0.00%,,100.00%,21/82名,14/82名,,1/82名,,1/82名
1912791393007480834,1,交易日,近 5 年,-99.00%,21.42%,,96.37%,400.83%,-21.03%,,,,,,
1912791393007480834,1,交易日,今年以来,-0.00%,0.00%,,0.00%,,100.00%,29/99名,5/99名,,1/99名,,1/99名
1912791393007480834,1,交易日,成立以来,-99.00%,21.42%,,96.37%,400.83%,-21.03%,4/50名,32/50名,,35/50名,21/50名,35/50名
1912791810462363650,1,交易日,近 1 年,-0.00%,0.00%,,0.00%,,100.00%,18/87名,11/87名,,1/87名,,1/87名
1912791810462363650,1,交易日,近 2 年,-0.00%,0.00%,,0.00%,,100.00%,16/82名,11/82名,,1/82名,,1/82名
1912791810462363650,1,交易日,近 3 年,-0.00%,0.00%,,0.00%,,100.00%,21/82名,14/82名,,1/82名,,1/82名
1912791810462363650,1,交易日,近 5 年,-99.00%,21.42%,,96.37%,400.83%,-21.03%,,,,,,
1912791810462363650,1,交易日,今年以来,-0.00%,0.00%,,0.00%,,100.00%,29/99名,5/99名,,1/99名,,1/99名
1912791810462363650,1,交易日,成立以来,-99.00%,21.42%,,96.37%,400.83%,-21.03%,4/50名,32/50名,,35/50名,21/50名,35/50名
1912794216495493122,1,交易日,近 1 年,-0.00%,0.00%,,0.00%,,100.00%,18/87名,11/87名,,1/87名,,1/87名
1912794216495493122,1,交易日,近 2 年,-0.00%,0.00%,,0.00%,,100.00%,16/82名,11/82名,,1/82名,,1/82名
1912794216495493122,1,交易日,近 3 年,-0.00%,0.00%,,0.00%,,100.00%,21/82名,14/82名,,1/82名,,1/82名
1912794216495493122,1,交易日,近 5 年,-99.00%,21.42%,,96.37%,400.83%,-21.03%,,,,,,
1912794216495493122,1,交易日,今年以来,-0.00%,0.00%,,0.00%,,100.00%,29/99名,5/99名,,1/99名,,1/99名
1912794216495493122,1,交易日,成立以来,-99.00%,21.42%,,96.37%,400.83%,-21.03%,4/50名,32/50名,,35/50名,21/50名,35/50名
1912798830821289985,1,交易日,近 1 年,-0.00%,0.00%,,0.00%,,100.00%,18/87名,11/87名,,1/87名,,1/87名
1912798830821289985,1,交易日,近 2 年,-0.00%,0.00%,,0.00%,,100.00%,16/82名,11/82名,,1/82名,,1/82名
1912798830821289985,1,交易日,近 3 年,-0.00%,0.00%,,0.00%,,100.00%,21/82名,14/82名,,1/82名,,1/82名
1912798830821289985,1,交易日,近 5 年,-99.00%,21.42%,,96.37%,400.83%,-21.03%,,,,,,
1912798830821289985,1,交易日,今年以来,-0.00%,0.00%,,0.00%,,100.00%,29/99名,5/99名,,1/99名,,1/99名
1912798830821289985,1,交易日,成立以来,-99.00%,21.42%,,96.37%,400.83%,-21.03%,4/50名,32/50名,,35/50名,21/50名,35/50名
1912799399166259202,1,交易日,近 1 年,-0.00%,0.00%,,0.00%,,100.00%,18/87名,11/87名,,1/87名,,1/87名
1912799399166259202,1,交易日,近 2 年,-0.00%,0.00%,,0.00%,,100.00%,16/82名,11/82名,,1/82名,,1/82名
1912799399166259202,1,交易日,近 3 年,-0.00%,0.00%,,0.00%,,100.00%,21/82名,14/82名,,1/82名,,1/82名
1912799399166259202,1,交易日,近 5 年,-99.00%,21.42%,,96.37%,400.83%,-21.03%,,,,,,
1912799399166259202,1,交易日,今年以来,-0.00%,0.00%,,0.00%,,100.00%,29/99名,5/99名,,1/99名,,1/99名
1912799399166259202,1,交易日,成立以来,-99.00%,21.42%,,96.37%,400.83%,-21.03%,4/50名,32/50名,,35/50名,21/50名,35/50名
1912823853917319169,1,交易日,近 1 年,-0.00%,0.00%,,0.00%,,100.00%,18/87名,11/87名,,1/87名,,1/87名
1912823853917319169,1,交易日,近 2 年,-0.00%,0.00%,,0.00%,,100.00%,16/82名,11/82名,,1/82名,,1/82名
1912823853917319169,1,交易日,近 3 年,-0.00%,0.00%,,0.00%,,100.00%,21/82名,14/82名,,1/82名,,1/82名
1912823853917319169,1,交易日,近 5 年,-75.00%,16.02%,,72.65%,302.16%,8.78%,,,,,,
1912823853917319169,1,交易日,今年以来,-0.00%,0.00%,,0.00%,,100.00%,29/99名,5/99名,,1/99名,,1/99名
1912823853917319169,1,交易日,成立以来,-75.00%,16.02%,,72.65%,302.16%,8.78%,21/50名,22/50名,,27/50名,17/50名,31/50名
1912824128862334978,1,交易日,近 1 年,-0.00%,0.00%,,0.00%,,100.00%,18/87名,11/87名,,1/87名,,1/87名
1912824128862334978,1,交易日,近 2 年,-0.00%,0.00%,,0.00%,,100.00%,16/82名,11/82名,,1/82名,,1/82名
1912824128862334978,1,交易日,近 3 年,-0.00%,0.00%,,0.00%,,100.00%,21/82名,14/82名,,1/82名,,1/82名
1912824128862334978,1,交易日,近 5 年,-75.00%,16.02%,,72.65%,302.16%,8.78%,,,,,,
1912824128862334978,1,交易日,今年以来,-0.00%,0.00%,,0.00%,,100.00%,29/99名,5/99名,,1/99名,,1/99名
1912824128862334978,1,交易日,成立以来,-75.00%,16.02%,,72.65%,302.16%,8.78%,21/50名,22/50名,,27/50名,17/50名,31/50名
1914549613069774849,1,交易日,近 1 年,-0.00%,0.00%,,0.00%,,100.00%,18/87名,11/87名,,1/87名,,1/87名
1914549613069774849,1,交易日,近 2 年,-0.00%,0.00%,,0.00%,,100.00%,16/82名,11/82名,,1/82名,,1/82名
1914549613069774849,1,交易日,近 3 年,-0.00%,0.00%,,0.00%,,100.00%,21/82名,14/82名,,1/82名,,1/82名
1914549613069774849,1,交易日,近 5 年,-75.00%,16.24%,,73.06%,302.16%,8.77%,,,,,,
1914549613069774849,1,交易日,今年以来,-0.00%,0.00%,,0.00%,,100.00%,29/99名,5/99名,,1/99名,,1/99名
1914549613069774849,1,交易日,成立以来,-75.00%,16.24%,,73.06%,302.16%,8.77%,21/50名,25/50名,,31/50名,17/50名,34/50名
1914555068831674369,1,交易日,近 1 年,-0.00%,0.00%,,0.00%,,100.00%,18/87名,11/87名,,1/87名,,1/87名
1914555068831674369,1,交易日,近 2 年,-0.00%,0.00%,,0.00%,,100.00%,16/82名,11/82名,,1/82名,,1/82名
1914555068831674369,1,交易日,近 3 年,-0.00%,0.00%,,0.00%,,100.00%,21/82名,14/82名,,1/82名,,1/82名
1914555068831674369,1,交易日,近 5 年,-99.00%,21.71%,,96.92%,400.83%,-21.05%,,,,,,
1914555068831674369,1,交易日,今年以来,-0.00%,0.00%,,0.00%,,100.00%,29/99名,5/99名,,1/99名,,1/99名
1914555068831674369,1,交易日,成立以来,-99.00%,21.71%,,96.92%,400.83%,-21.05%,4/50名,47/50名,,50/50名,21/50名,50/50名
1951130043189211138,1,交易日,近 1 年,-0.00%,0.00%,,0.00%,,100.00%,,,,,,
1951130043189211138,1,交易日,近 2 年,-0.00%,0.00%,,0.00%,,100.00%,,,,,,
1951130043189211138,1,交易日,近 3 年,-0.00%,0.00%,,0.00%,,100.00%,,,,,,
1951130043189211138,1,交易日,近 5 年,-0.00%,0.00%,,0.00%,,100.00%,,,,,,
1951130043189211138,1,交易日,今年以来,-0.00%,0.00%,,0.00%,,100.00%,29/99名,5/99名,,1/99名,,1/99名
1951130043189211138,1,交易日,成立以来,-0.00%,0.00%,,0.00%,,100.00%,68/88名,7/88名,,1/88名,,1/88名
1960589719144411138,1,交易日,近 1 年,-15.20%,39.29%,28天,30.56%,39.67%,70.95%,5/87名,83/87名,2/87名,84/87名,15/87名,82/87名
1960589719144411138,1,交易日,近 2 年,-15.20%,11.59%,28天,21.58%,39.67%,87.76%,4/82名,80/82名,2/82名,80/82名,13/82名,79/82名
1960589719144411138,1,交易日,近 3 年,-15.20%,8.99%,28天,17.60%,39.67%,92.17%,7/82名,80/82名,2/82名,79/82名,13/82名,79/82名
1960589719144411138,1,交易日,近 5 年,-17.20%,21.07%,693天,17.06%,22.49%,80.51%,,,,,,
1960589719144411138,1,交易日,今年以来,-3.38%,28.38%,30天,10.24%,5.32%,85.20%,15/99名,88/99名,10/99名,87/99名,16/99名,85/99名
1960589719144411138,1,交易日,成立以来,-17.20%,21.07%,693天,17.06%,22.49%,80.51%,8/20名,19/20名,2/20名,18/20名,8/20名,19/20名
1960591577460158465,1,交易日,近 1 年,,,,,,,,,,,,
1960591577460158465,1,交易日,近 2 年,,,,,,,,,,,,
1960591577460158465,1,交易日,近 3 年,,,,,,,,,,,,
1960591577460158465,1,交易日,近 5 年,,,,,,,,,,,,
1960591577460158465,1,交易日,今年以来,,,,,,,,,,,,
1960591577460158465,1,交易日,成立以来,,,,,,,,,,,,
1960601105719275522,1,交易日,近 1 年,,,,,,,,,,,,
1960601105719275522,1,交易日,近 2 年,,,,,,,,,,,,
1960601105719275522,1,交易日,近 3 年,,,,,,,,,,,,
1960601105719275522,1,交易日,近 5 年,,,,,,,,,,,,
1960601105719275522,1,交易日,今年以来,,,,,,,,,,,,
1960601105719275522,1,交易日,成立以来,,,,,,,,,,,,
1960602324663709697,1,交易日,近 1 年,,,,,,,,,,,,
1960602324663709697,1,交易日,近 2 年,,,,,,,,,,,,
1960602324663709697,1,交易日,近 3 年,,,,,,,,,,,,
1960602324663709697,1,交易日,近 5 年,,,,,,,,,,,,
1960602324663709697,1,交易日,今年以来,,,,,,,,,,,,
1960602324663709697,1,交易日,成立以来,,,,,,,,,,,,
1960602692785188866,1,交易日,近 1 年,-29.92%,11.22%,,28.59%,62.91%,63.27%,2/87名,82/87名,,83/87名,17/87名,84/87名
1960602692785188866,1,交易日,近 2 年,-29.92%,3.13%,,20.19%,62.91%,84.53%,2/82名,79/82名,,79/82名,15/82名,81/82名
1960602692785188866,1,交易日,近 3 年,-29.92%,2.26%,,16.47%,62.91%,90.10%,4/82名,79/82名,,78/82名,15/82名,81/82名
1960602692785188866,1,交易日,近 5 年,-33.95%,19.59%,77天,18.13%,40.11%,75.26%,,,,,,
1960602692785188866,1,交易日,今年以来,-11.24%,88.54%,8天,20.18%,14.11%,2.61%,6/99名,93/99名,5/99名,91/99名,23/99名,93/99名
1960602692785188866,1,交易日,成立以来,-33.95%,19.59%,77天,18.13%,40.11%,75.26%,54/81名,47/81名,27/81名,29/81名,14/81名,60/81名
1960954575290806274,1,交易日,近 1 年,-15.20%,39.29%,28天,30.56%,39.68%,70.94%,4/87名,84/87名,2/87名,85/87名,16/87名,83/87名
1960954575290806274,1,交易日,近 2 年,-15.20%,11.59%,28天,21.58%,39.68%,87.76%,3/82名,81/82名,2/82名,81/82名,14/82名,80/82名
1960954575290806274,1,交易日,近 3 年,-15.20%,8.99%,28天,17.60%,39.68%,92.17%,6/82名,81/82名,2/82名,80/82名,14/82名,80/82名
1960954575290806274,1,交易日,近 5 年,-15.20%,19.16%,765天,16.34%,22.07%,84.57%,,,,,,
1960954575290806274,1,交易日,今年以来,-3.38%,28.38%,30天,10.24%,5.32%,85.20%,14/99名,89/99名,10/99名,88/99名,17/99名,86/99名
1960954575290806274,1,交易日,成立以来,-15.20%,19.16%,765天,16.34%,22.07%,84.57%,3/3名,2/3名,2/3名,2/3名,2/3名,2/3名
1995783918214885378,1,交易日,近 1 年,-2.44%,12.87%,,5.85%,3.13%,95.33%,,,,,,
1995783918214885378,1,交易日,近 2 年,-2.44%,12.87%,,5.85%,3.13%,95.33%,,,,,,
1995783918214885378,1,交易日,近 3 年,-2.44%,12.87%,,5.85%,3.13%,95.33%,,,,,,
1995783918214885378,1,交易日,近 5 年,-2.44%,12.87%,,5.85%,3.13%,95.33%,,,,,,
1995783918214885378,1,交易日,今年以来,-2.32%,8.17%,,4.44%,3.27%,94.27%,16/99名,84/99名,,84/99名,13/99名,83/99名
1995783918214885378,1,交易日,成立以来,-2.44%,12.87%,,5.85%,3.13%,95.33%,73/97名,41/97名,,27/97名,4/97名,31/97名
2001175261472796674,1,交易日,近 1 年,-7.59%,171.26%,13天,87.17%,12.72%,66.59%,,,,,,
2001175261472796674,1,交易日,近 2 年,-7.59%,171.26%,13天,87.17%,12.72%,66.59%,,,,,,
2001175261472796674,1,交易日,近 3 年,-7.59%,171.26%,13天,87.17%,12.72%,66.59%,,,,,,
2001175261472796674,1,交易日,近 5 年,-7.59%,171.26%,13天,87.17%,12.72%,66.59%,,,,,,
2001175261472796674,1,交易日,今年以来,-7.59%,71.07%,13天,25.75%,13.00%,59.97%,9/99名,92/99名,7/99名,94/99名,21/99名,90/99名
2001175261472796674,1,交易日,成立以来,-7.59%,171.26%,13天,87.17%,12.72%,66.59%,71/97名,97/97名,23/97名,55/97名,12/97名,68/97名
2001188925365989377,1,交易日,近 1 年,-39.43%,217.21%,4天,155.52%,29.05%,3.31%,1/87名,87/87名,1/87名,87/87名,13/87名,86/87名
2001188925365989377,1,交易日,近 2 年,-39.43%,63.97%,4天,109.83%,29.05%,59.28%,1/82名,82/82名,1/82名,82/82名,12/82名,82/82名
2001188925365989377,1,交易日,近 3 年,-39.43%,49.55%,4天,89.58%,29.05%,73.95%,3/82名,82/82名,1/82名,82/82名,12/82名,82/82名
2001188925365989377,1,交易日,近 5 年,-50.77%,64.62%,591天,75.33%,29.14%,55.77%,2/2名,2/2名,2/2名,2/2名,2/2名,2/2名
2001188925365989377,1,交易日,今年以来,-39.43%,209.77%,,60.69%,29.85%,-152.81%,1/99名,99/99名,,99/99名,26/99名,99/99名
2001188925365989377,1,交易日,成立以来,-66.63%,77.64%,866天,72.66%,30.34%,37.00%,1/1名,1/1名,1/1名,1/1名,1/1名,1/1名
2001210938533015553,1,交易日,近 1 年,-17.24%,86.88%,,29.91%,25.77%,-3.58%,,,,,,
2001210938533015553,1,交易日,近 2 年,-17.24%,86.88%,,29.91%,25.77%,-3.58%,,,,,,
2001210938533015553,1,交易日,近 3 年,-17.24%,86.88%,,29.91%,25.77%,-3.58%,,,,,,
2001210938533015553,1,交易日,近 5 年,-17.24%,86.88%,,29.91%,25.77%,-3.58%,,,,,,
2001210938533015553,1,交易日,今年以来,-13.69%,116.01%,1天,30.85%,22.26%,-25.14%,4/99名,95/99名,1/99名,96/99名,25/99名,95/99名
2001210938533015553,1,交易日,成立以来,-17.24%,86.88%,,29.91%,25.77%,-3.58%,61/97名,93/97名,,42/97名,20/97名,79/97名
2001215312185454593,1,交易日,近 1 年,-20.31%,104.90%,,57.50%,30.12%,40.68%,3/87名,86/87名,,86/87名,14/87名,85/87名
2001215312185454593,1,交易日,近 2 年,-20.31%,65.11%,,48.99%,30.12%,59.96%,,,,,,
2001215312185454593,1,交易日,近 3 年,-20.31%,65.11%,,48.99%,30.12%,59.96%,,,,,,
2001215312185454593,1,交易日,近 5 年,-20.31%,65.11%,,48.99%,30.12%,59.96%,,,,,,
2001215312185454593,1,交易日,今年以来,-20.00%,148.12%,3天,44.50%,30.23%,-52.33%,2/99名,98/99名,2/99名,98/99名,28/99名,98/99名
2001215312185454593,1,交易日,成立以来,-20.31%,65.11%,,48.99%,30.12%,59.96%,56/83名,82/83名,,32/83名,12/83名,62/83名
2001217968702418946,1,交易日,近 1 年,-17.52%,14.83%,,25.12%,30.23%,68.89%,,,,,,
2001217968702418946,1,交易日,近 2 年,-17.52%,14.83%,,25.12%,30.23%,68.89%,,,,,,
2001217968702418946,1,交易日,近 3 年,-17.52%,14.83%,,25.12%,30.23%,68.89%,,,,,,
2001217968702418946,1,交易日,近 5 年,-17.52%,14.83%,,25.12%,30.23%,68.89%,,,,,,
2001217968702418946,1,交易日,今年以来,-7.17%,48.38%,,15.90%,9.60%,59.80%,11/99名,90/99名,,90/99名,18/99名,91/99名
2001217968702418946,1,交易日,成立以来,-17.52%,14.83%,,25.12%,30.23%,68.89%,61/99名,42/99名,,42/99名,24/99名,69/99名
2001236071293304833,1,交易日,近 1 年,-22.15%,155.10%,,41.78%,29.21%,-77.39%,,,,,,
2001236071293304833,1,交易日,近 2 年,-22.15%,155.10%,,41.78%,29.21%,-77.39%,,,,,,
2001236071293304833,1,交易日,近 3 年,-22.15%,155.10%,,41.78%,29.21%,-77.39%,,,,,,
2001236071293304833,1,交易日,近 5 年,-22.15%,155.10%,,41.78%,29.21%,-77.39%,,,,,,
2001236071293304833,1,交易日,今年以来,-20.00%,148.12%,3天,44.50%,30.23%,-52.33%,3/99名,97/99名,2/99名,97/99名,27/99名,97/99名
2001236071293304833,1,交易日,成立以来,-22.15%,155.10%,,41.78%,29.21%,-77.39%,56/97名,96/97名,,44/97名,21/97名,97/97名
2001462494746558466,1,交易日,近 1 年,-14.19%,42.73%,34天,21.41%,13.57%,57.87%,,,,,,
2001462494746558466,1,交易日,近 2 年,-14.19%,42.73%,34天,21.41%,13.57%,57.87%,,,,,,
2001462494746558466,1,交易日,近 3 年,-14.19%,42.73%,34天,21.41%,13.57%,57.87%,,,,,,
2001462494746558466,1,交易日,近 5 年,-14.19%,42.73%,34天,21.41%,13.57%,57.87%,,,,,,
2001462494746558466,1,交易日,今年以来,-8.48%,15.65%,7天,20.85%,12.60%,78.84%,8/99名,85/99名,4/99名,92/99名,20/99名,87/99名
2001462494746558466,1,交易日,成立以来,-14.19%,42.73%,34天,21.41%,13.57%,57.87%,63/92名,86/92名,24/92名,38/92名,10/92名,67/92名
2001479502632501250,1,交易日,近 1 年,-1.36%,5.56%,28天,2.97%,1.36%,90.59%,,,,,,
2001479502632501250,1,交易日,近 2 年,-1.36%,5.56%,28天,2.97%,1.36%,90.59%,,,,,,
2001479502632501250,1,交易日,近 3 年,-1.36%,5.56%,28天,2.97%,1.36%,90.59%,,,,,,
2001479502632501250,1,交易日,近 5 年,-1.36%,5.56%,28天,2.97%,1.36%,90.59%,,,,,,
2001479502632501250,1,交易日,今年以来,-1.33%,4.85%,28天,3.15%,1.43%,91.76%,17/99名,83/99名,9/99名,83/99名,12/99名,84/99名
2001479502632501250,1,交易日,成立以来,-1.36%,5.56%,28天,2.97%,1.36%,90.59%,75/97名,35/97名,25/97名,24/97名,3/97名,35/97名
2001526798661369858,1,交易日,近 1 年,-10.82%,98.05%,39天,18.95%,13.95%,-4.29%,6/87名,85/87名,4/87名,82/87名,12/87名,87/87名
2001526798661369858,1,交易日,近 2 年,-10.82%,99.57%,36天,19.40%,14.76%,-3.02%,,,,,,
2001526798661369858,1,交易日,近 3 年,-10.82%,99.57%,36天,19.40%,14.76%,-3.02%,,,,,,
2001526798661369858,1,交易日,近 5 年,-10.82%,99.57%,36天,19.40%,14.76%,-3.02%,,,,,,
2001526798661369858,1,交易日,今年以来,-10.82%,101.59%,14天,21.85%,13.31%,-8.70%,7/99名,94/99名,8/99名,93/99名,22/99名,94/99名
2001526798661369858,1,交易日,成立以来,-10.82%,99.57%,36天,19.40%,14.76%,-3.02%,64/85名,85/85名,24/85名,32/85名,8/85名,69/85名
2001909359174729729,1,交易日,近 1 年,,,,,,,,,,,,
2001909359174729729,1,交易日,近 2 年,,,,,,,,,,,,
2001909359174729729,1,交易日,近 3 年,,,,,,,,,,,,
2001909359174729729,1,交易日,近 5 年,,,,,,,,,,,,
2001909359174729729,1,交易日,今年以来,,,,,,,,,,,,
2001909359174729729,1,交易日,成立以来,,,,,,,,,,,,
2002,未分类,交易日,近 1 年,,,,,,,,,,,,
2002,未分类,交易日,近 2 年,,,,,,,,,,,,
2002,未分类,交易日,近 3 年,,,,,,,,,,,,
2002,未分类,交易日,近 5 年,,,,,,,,,,,,
2002,未分类,交易日,今年以来,,,,,,,,,,,,
2002,未分类,交易日,成立以来,,,,,,,,,,,,
2005873453636501505,1,交易日,近 1 年,-14.19%,49.60%,44天,16.69%,12.04%,52.92%,,,,,,
2005873453636501505,1,交易日,近 2 年,-14.19%,49.60%,44天,16.69%,12.04%,52.92%,,,,,,
2005873453636501505,1,交易日,近 3 年,-14.19%,49.60%,44天,16.69%,12.04%,52.92%,,,,,,
2005873453636501505,1,交易日,近 5 年,-14.19%,49.60%,44天,16.69%,12.04%,52.92%,,,,,,
2005873453636501505,1,交易日,今年以来,-5.25%,27.86%,,8.28%,5.26%,71.13%,12/99名,87/99名,,86/99名,15/99名,89/99名
2005873453636501505,1,交易日,成立以来,-14.19%,49.60%,44天,16.69%,12.04%,52.92%,62/92名,87/92名,28/92名,34/92名,8/92名,68/92名
2006290324554760194,1,交易日,近 1 年,-4.50%,25.98%,,5.48%,3.70%,69.56%,,,,,,
2006290324554760194,1,交易日,近 2 年,-4.50%,25.98%,,5.48%,3.70%,69.56%,,,,,,
2006290324554760194,1,交易日,近 3 年,-4.50%,25.98%,,5.48%,3.70%,69.56%,,,,,,
2006290324554760194,1,交易日,近 5 年,-4.50%,25.98%,,5.48%,3.70%,69.56%,,,,,,
2006290324554760194,1,交易日,今年以来,-4.22%,25.36%,,5.86%,4.03%,72.42%,13/99名,86/99名,,85/99名,14/99名,88/99名
2006290324554760194,1,交易日,成立以来,-4.50%,25.98%,,5.48%,3.70%,69.56%,74/99名,88/99名,,27/99名,5/99名,68/99名
2009448068728209410,1,交易日,近 1 年,-8.56%,76.69%,,16.36%,12.59%,26.67%,,,,,,
2009448068728209410,1,交易日,近 2 年,-8.56%,76.69%,,16.36%,12.59%,26.67%,,,,,,
2009448068728209410,1,交易日,近 3 年,-8.56%,76.69%,,16.36%,12.59%,26.67%,,,,,,
2009448068728209410,1,交易日,近 5 年,-8.56%,76.69%,,16.36%,12.59%,26.67%,,,,,,
2009448068728209410,1,交易日,今年以来,-7.25%,61.46%,,14.33%,10.54%,49.87%,10/99名,91/99名,,89/99名,19/99名,92/99名
2009448068728209410,1,交易日,成立以来,-8.56%,76.69%,,16.36%,12.59%,26.67%,68/92名,89/92名,,33/92名,9/92名,70/92名
2009495249141088258,1,交易日,近 1 年,-13.17%,116.27%,22天,28.99%,16.20%,-21.36%,,,,,,
2009495249141088258,1,交易日,近 2 年,-13.17%,116.27%,22天,28.99%,16.20%,-21.36%,,,,,,
2009495249141088258,1,交易日,近 3 年,-13.17%,116.27%,22天,28.99%,16.20%,-21.36%,,,,,,
2009495249141088258,1,交易日,近 5 年,-13.17%,116.27%,22天,28.99%,16.20%,-21.36%,,,,,,
2009495249141088258,1,交易日,今年以来,-11.61%,119.81%,12天,28.96%,15.69%,-39.02%,5/99名,96/99名,6/99名,95/99名,24/99名,96/99名
2009495249141088258,1,交易日,成立以来,-13.17%,116.27%,22天,28.99%,16.20%,-21.36%,65/92名,92/92名,23/92名,39/92名,12/92名,92/92名
208045,1,交易日,近 1 年,,,,,,,,,,,,
208045,1,交易日,近 2 年,,,,,,,,,,,,
208045,1,交易日,近 3 年,,,,,,,,,,,,
208045,1,交易日,近 5 年,,,,,,,,,,,,
208045,1,交易日,今年以来,,,,,,,,,,,,
208045,1,交易日,成立以来,,,,,,,,,,,,
310000,未分类,交易日,近 1 年,,,,,,,,,,,,
310000,未分类,交易日,近 2 年,,,,,,,,,,,,
310000,未分类,交易日,近 3 年,,,,,,,,,,,,
310000,未分类,交易日,近 5 年,,,,,,,,,,,,
310000,未分类,交易日,今年以来,,,,,,,,,,,,
310000,未分类,交易日,成立以来,,,,,,,,,,,,
666666,未分类,交易日,近 1 年,,,,,,,,,,,,
666666,未分类,交易日,近 2 年,,,,,,,,,,,,
666666,未分类,交易日,近 3 年,,,,,,,,,,,,
666666,未分类,交易日,近 5 年,,,,,,,,,,,,
666666,未分类,交易日,今年以来,,,,,,,,,,,,
666666,未分类,交易日,成立以来,,,,,,,,,,,,
666888,1,交易日,近 1 年,,,,,,,,,,,,
666888,1,交易日,近 2 年,,,,,,,,,,,,
666888,1,交易日,近 3 年,,,,,,,,,,,,
666888,1,交易日,近 5 年,,,,,,,,,,,,
666888,1,交易日,今年以来,,,,,,,,,,,,
666888,1,交易日,成立以来,,,,,,,,,,,,
698156,未分类,交易日,近 1 年,,,,,,,,,,,,
698156,未分类,交易日,近 2 年,,,,,,,,,,,,
698156,未分类,交易日,近 3 年,,,,,,,,,,,,
698156,未分类,交易日,近 5 年,,,,,,,,,,,,
698156,未分类,交易日,今年以来,,,,,,,,,,,,
698156,未分类,交易日,成立以来,,,,,,,,,,,,
888888,未分类,交易日,近 1 年,,,,,,,,,,,,
888888,未分类,交易日,近 2 年,,,,,,,,,,,,
888888,未分类,交易日,近 3 年,,,,,,,,,,,,
888888,未分类,交易日,近 5 年,,,,,,,,,,,,
888888,未分类,交易日,今年以来,,,,,,,,,,,,
888888,未分类,交易日,成立以来,,,,,,,,,,,,
9023,未分类,交易日,近 1 年,-0.00%,,,2.57%,,,,,,,,
9023,未分类,交易日,近 2 年,-0.00%,,,2.57%,,,,,,,,
9023,未分类,交易日,近 3 年,-0.00%,,,2.57%,,,,,,,,
9023,未分类,交易日,近 5 年,-0.00%,,,2.57%,,,,,,,,
9023,未分类,交易日,今年以来,-0.00%,,,2.57%,,,,,,,,
9023,未分类,交易日,成立以来,-0.00%,,,2.57%,,,,,,,,
D00344,1,交易日,近 1 年,-0.68%,,,7.65%,,,,,,,,
D00344,1,交易日,近 2 年,-0.68%,,,7.65%,,,,,,,,
D00344,1,交易日,近 3 年,-0.68%,,,7.65%,,,,,,,,
D00344,1,交易日,近 5 年,-0.68%,,,7.65%,,,,,,,,
D00344,1,交易日,今年以来,-0.68%,,,,,,1/1名,,,,,
D00344,1,交易日,成立以来,-0.68%,,,7.65%,,,1/1名,,,1/1名,,
D00438,未分类,交易日,近 1 年,,,,,,,,,,,,
D00438,未分类,交易日,近 2 年,,,,,,,,,,,,
D00438,未分类,交易日,近 3 年,,,,,,,,,,,,
D00438,未分类,交易日,近 5 年,,,,,,,,,,,,
D00438,未分类,交易日,今年以来,,,,,,,,,,,,
D00438,未分类,交易日,成立以来,,,,,,,,,,,,
GS00A1,未分类,交易日,近 1 年,,,,,,,,,,,,
GS00A1,未分类,交易日,近 2 年,,,,,,,,,,,,
GS00A1,未分类,交易日,近 3 年,,,,,,,,,,,,
GS00A1,未分类,交易日,近 5 年,,,,,,,,,,,,
GS00A1,未分类,交易日,今年以来,,,,,,,,,,,,
GS00A1,未分类,交易日,成立以来,,,,,,,,,,,,
GS00A2,未分类,交易日,近 1 年,,,,,,,,,,,,
GS00A2,未分类,交易日,近 2 年,,,,,,,,,,,,
GS00A2,未分类,交易日,近 3 年,,,,,,,,,,,,
GS00A2,未分类,交易日,近 5 年,,,,,,,,,,,,
GS00A2,未分类,交易日,今年以来,,,,,,,,,,,,
GS00A2,未分类,交易日,成立以来,,,,,,,,,,,,
GS00A3,未分类,交易日,近 1 年,,,,,,,,,,,,
GS00A3,未分类,交易日,近 2 年,,,,,,,,,,,,
GS00A3,未分类,交易日,近 3 年,,,,,,,,,,,,
GS00A3,未分类,交易日,近 5 年,,,,,,,,,,,,
GS00A3,未分类,交易日,今年以来,,,,,,,,,,,,
GS00A3,未分类,交易日,成立以来,,,,,,,,,,,,
GS00F1,未分类,交易日,近 1 年,,,,,,,,,,,,
GS00F1,未分类,交易日,近 2 年,,,,,,,,,,,,
GS00F1,未分类,交易日,近 3 年,,,,,,,,,,,,
GS00F1,未分类,交易日,近 5 年,,,,,,,,,,,,
GS00F1,未分类,交易日,今年以来,,,,,,,,,,,,
GS00F1,未分类,交易日,成立以来,,,,,,,,,,,,
GS00F2,未分类,交易日,近 1 年,,,,,,,,,,,,
GS00F2,未分类,交易日,近 2 年,,,,,,,,,,,,
GS00F2,未分类,交易日,近 3 年,,,,,,,,,,,,
GS00F2,未分类,交易日,近 5 年,,,,,,,,,,,,
GS00F2,未分类,交易日,今年以来,,,,,,,,,,,,
GS00F2,未分类,交易日,成立以来,,,,,,,,,,,,
GS00F3,未分类,交易日,近 1 年,,,,,,,,,,,,
GS00F3,未分类,交易日,近 2 年,,,,,,,,,,,,
GS00F3,未分类,交易日,近 3 年,,,,,,,,,,,,
GS00F3,未分类,交易日,近 5 年,,,,,,,,,,,,
GS00F3,未分类,交易日,今年以来,,,,,,,,,,,,
GS00F3,未分类,交易日,成立以来,,,,,,,,,,,,
GS0TX1,未分类,交易日,近 1 年,,,,,,,,,,,,
GS0TX1,未分类,交易日,近 2 年,,,,,,,,,,,,
GS0TX1,未分类,交易日,近 3 年,,,,,,,,,,,,
GS0TX1,未分类,交易日,近 5 年,,,,,,,,,,,,
GS0TX1,未分类,交易日,今年以来,,,,,,,,,,,,
GS0TX1,未分类,交易日,成立以来,,,,,,,,,,,,
GS0ZC1,未分类,交易日,近 1 年,,,,,,,,,,,,
GS0ZC1,未分类,交易日,近 2 年,,,,,,,,,,,,
GS0ZC1,未分类,交易日,近 3 年,,,,,,,,,,,,
GS0ZC1,未分类,交易日,近 5 年,,,,,,,,,,,,
GS0ZC1,未分类,交易日,今年以来,,,,,,,,,,,,
GS0ZC1,未分类,交易日,成立以来,,,,,,,,,,,,
GS0ZC2,未分类,交易日,近 1 年,,,,,,,,,,,,
GS0ZC2,未分类,交易日,近 2 年,,,,,,,,,,,,
GS0ZC2,未分类,交易日,近 3 年,,,,,,,,,,,,
GS0ZC2,未分类,交易日,近 5 年,,,,,,,,,,,,
GS0ZC2,未分类,交易日,今年以来,,,,,,,,,,,,
GS0ZC2,未分类,交易日,成立以来,,,,,,,,,,,,
SB3110,1,交易日,近 1 年,,,,,,,,,,,,
SB3110,1,交易日,近 2 年,,,,,,,,,,,,
SB3110,1,交易日,近 3 年,,,,,,,,,,,,
SB3110,1,交易日,近 5 年,,,,,,,,,,,,
SB3110,1,交易日,今年以来,,,,,,,,,,,,
SB3110,1,交易日,成立以来,,,,,,,,,,,,
SM0901,1,交易日,近 1 年,-8.38%,86.22%,22天,13.62%,9.66%,10.11%,5/5名,1/5名,3/5名,1/5名,1/5名,1/5名
SM0901,1,交易日,近 2 年,-16.04%,88.52%,106天,17.56%,12.93%,13.13%,4/5名,2/5名,5/5名,1/5名,1/5名,1/5名
SM0901,1,交易日,近 3 年,-28.70%,89.62%,440天,16.66%,11.55%,10.64%,3/5名,2/5名,5/5名,1/5名,1/5名,2/5名
SM0901,1,交易日,近 5 年,-35.39%,84.25%,,16.40%,11.50%,17.36%,,,,,,
SM0901,1,交易日,今年以来,-8.38%,88.15%,7天,16.56%,11.05%,10.96%,5/5名,1/5名,2/5名,1/5名,1/5名,1/5名
SM0901,1,交易日,成立以来,-35.39%,84.25%,,16.40%,11.50%,17.36%,3/5名,2/5名,,1/5名,1/5名,3/5名
SM0902,1,交易日,近 1 年,-22.69%,198.56%,14天,42.72%,25.96%,-47.47%,1/5名,5/5名,1/5名,5/5名,5/5名,5/5名
SM0902,1,交易日,近 2 年,-29.40%,158.25%,81天,40.24%,23.38%,-55.03%,1/5名,5/5名,1/5名,5/5名,5/5名,5/5名
SM0902,1,交易日,近 3 年,-42.37%,147.49%,358天,35.11%,20.35%,-43.88%,1/5名,5/5名,3/5名,5/5名,5/5名,5/5名
SM0902,1,交易日,近 5 年,-67.00%,128.84%,787天,31.83%,18.46%,-30.14%,,,,,,
SM0902,1,交易日,今年以来,-9.58%,171.28%,15天,47.18%,20.08%,-27.38%,3/5名,5/5名,3/5名,5/5名,5/5名,5/5名
SM0902,1,交易日,成立以来,-67.00%,128.84%,787天,31.83%,18.46%,-30.14%,1/5名,5/5名,3/5名,5/5名,5/5名,5/5名
SM0903,1,交易日,近 1 年,-13.18%,90.09%,18天,16.33%,12.89%,9.75%,2/5名,2/5名,2/5名,2/5名,3/5名,2/5名
SM0903,1,交易日,近 2 年,-14.92%,87.69%,97天,18.53%,14.82%,11.43%,5/5名,1/5名,4/5名,2/5名,3/5名,2/5名
SM0903,1,交易日,近 3 年,-20.94%,86.09%,189天,17.35%,13.09%,17.45%,4/5名,1/5名,1/5名,2/5名,2/5名,1/5名
SM0903,1,交易日,近 5 年,-21.06%,77.83%,384天,16.51%,12.67%,28.50%,,,,,,
SM0903,1,交易日,今年以来,-13.18%,111.55%,1天,23.47%,19.19%,-7.86%,1/5名,3/5名,1/5名,3/5名,4/5名,3/5名
SM0903,1,交易日,成立以来,-21.06%,77.83%,384天,16.51%,12.67%,28.50%,4/5名,1/5名,2/5名,2/5名,3/5名,1/5名
SM0904,1,交易日,近 1 年,-11.55%,135.54%,22天,21.86%,14.55%,-16.49%,4/5名,4/5名,4/5名,4/5名,4/5名,4/5名
SM0904,1,交易日,近 2 年,-19.81%,103.14%,89天,21.43%,15.17%,-5.51%,2/5名,4/5名,3/5名,4/5名,4/5名,4/5名
SM0904,1,交易日,近 3 年,-35.79%,101.08%,367天,19.67%,13.14%,-5.38%,2/5名,4/5名,4/5名,4/5名,3/5名,4/5名
SM0904,1,交易日,近 5 年,-49.15%,95.67%,,19.04%,12.66%,1.87%,,,,,,
SM0904,1,交易日,今年以来,-9.56%,137.53%,27天,25.78%,16.11%,-20.62%,4/5名,4/5名,5/5名,4/5名,3/5名,4/5名
SM0904,1,交易日,成立以来,-49.15%,95.67%,,19.04%,12.66%,1.87%,2/5名,4/5名,,4/5名,2/5名,4/5名
SM0905,1,交易日,近 1 年,-12.43%,101.51%,28天,17.25%,11.99%,4.49%,3/5名,3/5名,5/5名,3/5名,2/5名,3/5名
SM0905,1,交易日,近 2 年,-17.60%,97.64%,85天,20.26%,14.71%,3.37%,3/5名,3/5名,2/5名,3/5名,2/5名,3/5名
SM0905,1,交易日,近 3 年,-20.87%,96.21%,192天,19.30%,13.50%,7.55%,5/5名,3/5名,2/5名,3/5名,4/5名,3/5名
SM0905,1,交易日,近 5 年,-20.87%,89.87%,192天,18.86%,13.82%,17.93%,,,,,,
SM0905,1,交易日,今年以来,-12.43%,107.55%,20天,22.00%,15.46%,5.15%,2/5名,2/5名,4/5名,2/5名,2/5名,2/5名
SM0905,1,交易日,成立以来,-20.87%,89.87%,192天,18.86%,13.82%,17.93%,5/5名,3/5名,1/5名,3/5名,4/5名,2/5名
TS0001,未分类,交易日,近 1 年,,,,,,,,,,,,
TS0001,未分类,交易日,近 2 年,,,,,,,,,,,,
TS0001,未分类,交易日,近 3 年,,,,,,,,,,,,
TS0001,未分类,交易日,近 5 年,,,,,,,,,,,,
TS0001,未分类,交易日,今年以来,,,,,,,,,,,,
TS0001,未分类,交易日,成立以来,,,,,,,,,,,,
TS0002,未分类,交易日,近 1 年,,,,,,,,,,,,
TS0002,未分类,交易日,近 2 年,,,,,,,,,,,,
TS0002,未分类,交易日,近 3 年,,,,,,,,,,,,
TS0002,未分类,交易日,近 5 年,,,,,,,,,,,,
TS0002,未分类,交易日,今年以来,,,,,,,,,,,,
TS0002,未分类,交易日,成立以来,,,,,,,,,,,,
ZH0250,未分类,交易日,近 1 年,,,,,,,,,,,,
ZH0250,未分类,交易日,近 2 年,,,,,,,,,,,,
ZH0250,未分类,交易日,近 3 年,,,,,,,,,,,,
ZH0250,未分类,交易日,近 5 年,,,,,,,,,,,,
ZH0250,未分类,交易日,今年以来,,,,,,,,,,,,
ZH0250,未分类,交易日,成立以来,,,,,,,,,,,,
同类平均,1,交易日,今年以来,-6.09%,17.12%,13天,4.74%,9.98%,83.02%,,,,,,
同类平均,1,交易日,成立以来,-49.94%,22.98%,6天,42.76%,146.50%,62.40%,,,,,,
同类平均,1,交易日,近 1 年,-6.67%,12.08%,28天,4.63%,13.36%,89.91%,,,,,,
同类平均,1,交易日,近 2 年,-3.29%,8.78%,83天,3.77%,11.40%,91.38%,,,,,,
同类平均,1,交易日,近 3 年,-5.07%,6.78%,191天,3.50%,12.15%,93.50%,,,,,,
同类平均,1,交易日,近 5 年,-74.89%,39.21%,327天,41.08%,23.01%,72.70%,,,,,,
沪深 300,指数,交易日,近 1 年,-7.78%,100.00%,,14.09%,9.30%,100.00%,,,,,,
沪深 300,指数,交易日,近 2 年,-15.66%,100.00%,,18.49%,13.32%,100.00%,,,,,,
沪深 300,指数,交易日,近 3 年,-24.09%,100.00%,,17.25%,11.58%,100.00%,,,,,,
沪深 300,指数,交易日,近 5 年,-40.86%,100.00%,,17.53%,11.82%,100.00%,,,,,,
沪深 300,指数,交易日,今年以来,-7.78%,100.00%,,16.67%,10.45%,100.00%,,,,,,
沪深 300,指数,交易日,成立以来,-46.70%,100.00%,,22.39%,17.07%,100.00%,,,,,,
